target_timestamp,actual_open_vs_close_dir,pred_prob_up,pred_dir,mask_dataset,cc_label_dataset
2026-01-01 00:00:00,1,0.600458025932312,1,1.0,1
2026-01-01 01:00:00,1,0.5052626132965088,1,1.0,1
2026-01-01 02:00:00,0,0.4457361400127411,0,0.0,0
2026-01-01 03:00:00,0,0.5587804913520813,1,0.0,0
2026-01-01 04:00:00,0,0.5883277058601379,1,1.0,0
2026-01-01 05:00:00,1,0.6032825708389282,1,1.0,1
2026-01-01 06:00:00,0,0.5251950025558472,1,0.0,0
2026-01-01 07:00:00,0,0.5716206431388855,1,0.0,0
2026-01-01 08:00:00,1,0.5945122838020325,1,1.0,1
2026-01-01 09:00:00,1,0.4946776032447815,0,1.0,1
2026-01-01 10:00:00,0,0.4289989769458771,0,0.0,0
2026-01-01 11:00:00,1,0.5493154525756836,1,1.0,1
2026-01-01 12:00:00,0,0.4576827883720398,0,1.0,0
2026-01-01 13:00:00,0,0.5467619299888611,1,0.0,0
2026-01-01 14:00:00,1,0.5804696679115295,1,0.0,0
2026-01-01 15:00:00,1,0.48101505637168884,0,0.0,0
2026-01-01 16:00:00,0,0.41911035776138306,0,0.0,0
2026-01-01 17:00:00,1,0.5334425568580627,1,1.0,1
2026-01-01 18:00:00,0,0.42736998200416565,0,1.0,0
2026-01-01 19:00:00,1,0.5243085026741028,1,1.0,1
2026-01-01 20:00:00,0,0.4227573275566101,0,1.0,0
2026-01-01 21:00:00,1,0.5165346264839172,1,1.0,1
2026-01-01 22:00:00,1,0.42722606658935547,0,1.0,1
2026-01-01 23:00:00,1,0.3962368965148926,0,1.0,1
2026-01-02 00:00:00,0,0.3880422115325928,0,0.0,0
2026-01-02 01:00:00,0,0.4597921371459961,0,1.0,0
2026-01-02 02:00:00,0,0.5109388828277588,1,0.0,0
2026-01-02 03:00:00,1,0.5191094875335693,1,1.0,1
2026-01-02 04:00:00,0,0.428302526473999,0,1.0,0
2026-01-02 05:00:00,1,0.552284300327301,1,1.0,1
2026-01-02 06:00:00,1,0.43762144446372986,0,1.0,1
2026-01-02 07:00:00,0,0.41982951760292053,0,1.0,0
2026-01-02 08:00:00,1,0.460503488779068,0,1.0,1
2026-01-02 09:00:00,1,0.4222027659416199,0,1.0,1
2026-01-02 10:00:00,1,0.40953072905540466,0,1.0,1
2026-01-02 11:00:00,0,0.3938354253768921,0,1.0,0
2026-01-02 12:00:00,0,0.4453480541706085,0,1.0,0
2026-01-02 13:00:00,0,0.4831660985946655,0,0.0,0
2026-01-02 14:00:00,1,0.5011873841285706,1,1.0,1
2026-01-02 15:00:00,0,0.43311938643455505,0,1.0,0
2026-01-02 16:00:00,1,0.5002467632293701,1,1.0,1
2026-01-02 17:00:00,0,0.47339218854904175,0,0.0,0
2026-01-02 18:00:00,0,0.5184016823768616,1,1.0,0
2026-01-02 19:00:00,1,0.5322406888008118,1,1.0,1
2026-01-02 20:00:00,0,0.48758527636528015,0,1.0,0
2026-01-02 21:00:00,1,0.5248360633850098,1,1.0,1
2026-01-02 22:00:00,1,0.49022358655929565,0,1.0,1
2026-01-02 23:00:00,0,0.47651687264442444,0,1.0,0
2026-01-03 00:00:00,1,0.5095582008361816,1,1.0,1
2026-01-03 01:00:00,1,0.47260934114456177,0,1.0,1
2026-01-03 02:00:00,1,0.4525710940361023,0,0.0,0
2026-01-03 03:00:00,0,0.4370397925376892,0,0.0,0
2026-01-03 04:00:00,0,0.4705065190792084,0,1.0,0
2026-01-03 05:00:00,0,0.5075289607048035,1,1.0,0
2026-01-03 06:00:00,0,0.5233447551727295,1,1.0,0
2026-01-03 07:00:00,0,0.5424789190292358,1,1.0,0
2026-01-03 08:00:00,1,0.5590221881866455,1,1.0,1
2026-01-03 09:00:00,1,0.505470871925354,1,1.0,1
2026-01-03 10:00:00,0,0.4812019467353821,0,0.0,0
2026-01-03 11:00:00,0,0.5091032385826111,1,0.0,0
2026-01-03 12:00:00,1,0.4846666157245636,0,1.0,1
2026-01-03 13:00:00,0,0.4795099198818207,0,0.0,0
2026-01-03 14:00:00,1,0.5043269395828247,1,1.0,1
2026-01-03 15:00:00,0,0.4855767786502838,0,1.0,0
2026-01-03 16:00:00,1,0.5258046984672546,1,1.0,1
2026-01-03 17:00:00,0,0.48841172456741333,0,0.0,0
2026-01-03 18:00:00,1,0.4911041557788849,0,0.0,0
2026-01-03 19:00:00,0,0.4714711010456085,0,0.0,0
2026-01-03 20:00:00,1,0.4904286861419678,0,1.0,1
2026-01-03 21:00:00,1,0.46840640902519226,0,1.0,1
2026-01-03 22:00:00,1,0.45082950592041016,0,0.0,0
2026-01-03 23:00:00,1,0.44580361247062683,0,0.0,0
2026-01-04 00:00:00,1,0.4345821142196655,0,1.0,1
2026-01-04 01:00:00,0,0.47733429074287415,0,1.0,0
2026-01-04 02:00:00,0,0.500537097454071,1,1.0,0
2026-01-04 03:00:00,1,0.5208507776260376,1,1.0,1
2026-01-04 04:00:00,1,0.47982490062713623,0,1.0,1
2026-01-04 05:00:00,1,0.46515288949012756,0,1.0,1
2026-01-04 06:00:00,0,0.45483511686325073,0,1.0,0
2026-01-04 07:00:00,1,0.4944198429584503,0,1.0,1
2026-01-04 08:00:00,0,0.4628908038139343,0,1.0,0
2026-01-04 09:00:00,1,0.5020550489425659,1,1.0,1
2026-01-04 10:00:00,1,0.47513434290885925,0,1.0,1
2026-01-04 11:00:00,0,0.4639284610748291,0,1.0,0
2026-01-04 12:00:00,0,0.49499645829200745,0,1.0,0
2026-01-04 13:00:00,1,0.5305981636047363,1,1.0,1
2026-01-04 14:00:00,1,0.49405142664909363,0,1.0,1
2026-01-04 15:00:00,0,0.4841996133327484,0,0.0,0
2026-01-04 16:00:00,0,0.49440616369247437,0,0.0,0
2026-01-04 17:00:00,1,0.5256953835487366,1,0.0,0
2026-01-04 18:00:00,0,0.5124928951263428,1,1.0,0
2026-01-04 19:00:00,0,0.5317242741584778,1,0.0,0
2026-01-04 20:00:00,1,0.5526161789894104,1,1.0,1
2026-01-04 21:00:00,0,0.5052817463874817,1,0.0,0
2026-01-04 22:00:00,0,0.5256401300430298,1,0.0,0
2026-01-04 23:00:00,1,0.5408189296722412,1,1.0,1
2026-01-05 00:00:00,1,0.4806748032569885,0,1.0,1
2026-01-05 01:00:00,1,0.4932408928871155,0,1.0,1
2026-01-05 02:00:00,1,0.46445104479789734,0,0.0,0
2026-01-05 03:00:00,0,0.4609631896018982,0,1.0,0
2026-01-05 04:00:00,0,0.504727840423584,1,1.0,0
2026-01-05 05:00:00,0,0.5452491641044617,1,1.0,0
2026-01-05 06:00:00,1,0.557415246963501,1,1.0,1
2026-01-05 07:00:00,1,0.5108290314674377,1,0.0,0
2026-01-05 08:00:00,0,0.5090054869651794,1,0.0,0
2026-01-05 09:00:00,1,0.5227834582328796,1,1.0,1
2026-01-05 10:00:00,1,0.49011728167533875,0,1.0,1
2026-01-05 11:00:00,1,0.4607822895050049,0,0.0,0
2026-01-05 12:00:00,0,0.45769813656806946,0,1.0,0
2026-01-05 13:00:00,0,0.4983302354812622,0,1.0,0
2026-01-05 14:00:00,1,0.5393094420433044,1,1.0,1
2026-01-05 15:00:00,1,0.48521560430526733,0,1.0,1
2026-01-05 16:00:00,0,0.47414857149124146,0,1.0,0
2026-01-05 17:00:00,1,0.5320225358009338,1,1.0,1
2026-01-05 18:00:00,1,0.48398739099502563,0,1.0,1
2026-01-05 19:00:00,0,0.4696924686431885,0,1.0,0
2026-01-05 20:00:00,0,0.4984279274940491,0,1.0,0
2026-01-05 21:00:00,0,0.5371577739715576,1,1.0,0
2026-01-05 22:00:00,1,0.5571030378341675,1,1.0,1
2026-01-05 23:00:00,0,0.5140841007232666,1,1.0,0
2026-01-06 00:00:00,0,0.531230628490448,1,0.0,0
2026-01-06 01:00:00,0,0.5445342659950256,1,0.0,0
2026-01-06 02:00:00,0,0.569961667060852,1,1.0,0
2026-01-06 03:00:00,1,0.5871113538742065,1,1.0,1
2026-01-06 04:00:00,1,0.5323010087013245,1,0.0,0
2026-01-06 05:00:00,0,0.5296985507011414,1,1.0,0
2026-01-06 06:00:00,1,0.5372284054756165,1,1.0,1
2026-01-06 07:00:00,0,0.4999031126499176,0,1.0,0
2026-01-06 08:00:00,0,0.5217522978782654,1,0.0,0
2026-01-06 09:00:00,1,0.524411141872406,1,1.0,1
2026-01-06 10:00:00,1,0.501121997833252,1,1.0,1
2026-01-06 11:00:00,1,0.4834515154361725,0,1.0,1
2026-01-06 12:00:00,1,0.47060930728912354,0,0.0,0
2026-01-06 13:00:00,0,0.4712766706943512,0,1.0,0
2026-01-06 14:00:00,1,0.5064659714698792,1,1.0,1
2026-01-06 15:00:00,0,0.47685661911964417,0,1.0,0
2026-01-06 16:00:00,0,0.5332483053207397,1,1.0,0
2026-01-06 17:00:00,0,0.534572184085846,1,1.0,0
2026-01-06 18:00:00,1,0.5422612428665161,1,1.0,1
2026-01-06 19:00:00,1,0.49685972929000854,0,0.0,0
2026-01-06 20:00:00,1,0.4792301654815674,0,1.0,1
2026-01-06 21:00:00,1,0.4733479619026184,0,1.0,1
2026-01-06 22:00:00,1,0.453464537858963,0,1.0,1
2026-01-06 23:00:00,1,0.4533207416534424,0,1.0,1
2026-01-07 00:00:00,0,0.4366944134235382,0,1.0,0
2026-01-07 01:00:00,0,0.4682047963142395,0,1.0,0
2026-01-07 02:00:00,1,0.5154270529747009,1,1.0,1
2026-01-07 03:00:00,0,0.48878976702690125,0,1.0,0
2026-01-07 04:00:00,0,0.5142494440078735,1,1.0,0
2026-01-07 05:00:00,0,0.5455800294876099,1,1.0,0
2026-01-07 06:00:00,1,0.5632935166358948,1,1.0,1
2026-01-07 07:00:00,1,0.517823338508606,1,1.0,1
2026-01-07 08:00:00,0,0.49714890122413635,0,1.0,0
2026-01-07 09:00:00,0,0.5255714058876038,1,1.0,0
2026-01-07 10:00:00,1,0.552820086479187,1,1.0,1
2026-01-07 11:00:00,1,0.5125696659088135,1,1.0,1
2026-01-07 12:00:00,0,0.49359050393104553,0,1.0,0
2026-01-07 13:00:00,1,0.519800066947937,1,0.0,0
2026-01-07 14:00:00,0,0.49741896986961365,0,1.0,0
2026-01-07 15:00:00,0,0.5321041345596313,1,1.0,0
2026-01-07 16:00:00,0,0.5646896958351135,1,1.0,0
2026-01-07 17:00:00,0,0.5580328702926636,1,0.0,0
2026-01-07 18:00:00,0,0.5703353881835938,1,1.0,0
2026-01-07 19:00:00,1,0.5831548571586609,1,1.0,1
2026-01-07 20:00:00,0,0.5267583727836609,1,1.0,0
2026-01-07 21:00:00,1,0.5404903888702393,1,0.0,0
2026-01-07 22:00:00,1,0.5059649348258972,1,1.0,1
2026-01-07 23:00:00,1,0.4837333559989929,0,1.0,1
2026-01-08 00:00:00,1,0.46619918942451477,0,0.0,0
2026-01-08 01:00:00,1,0.45973047614097595,0,0.0,0
2026-01-08 02:00:00,0,0.4452884793281555,0,1.0,0
2026-01-08 03:00:00,0,0.4799712896347046,0,1.0,0
2026-01-08 04:00:00,1,0.519416093826294,1,1.0,1
2026-01-08 05:00:00,0,0.4857775568962097,0,1.0,0
2026-01-08 06:00:00,0,0.5094224810600281,1,1.0,0
2026-01-08 07:00:00,1,0.6091908812522888,1,1.0,1
2026-01-08 08:00:00,0,0.4973357021808624,0,1.0,0
2026-01-08 09:00:00,0,0.5143711566925049,1,1.0,0
2026-01-08 10:00:00,1,0.5354406237602234,1,1.0,1
2026-01-08 11:00:00,0,0.4857674241065979,0,1.0,0
2026-01-08 12:00:00,0,0.5121064782142639,1,1.0,0
2026-01-08 13:00:00,0,0.5265117287635803,1,0.0,0
2026-01-08 14:00:00,1,0.5356107950210571,1,0.0,0
2026-01-08 15:00:00,1,0.49085932970046997,0,1.0,1
2026-01-08 16:00:00,1,0.4795989692211151,0,1.0,1
2026-01-08 17:00:00,1,0.46953085064888,0,1.0,1
2026-01-08 18:00:00,0,0.43965935707092285,0,1.0,0
2026-01-08 19:00:00,0,0.47263097763061523,0,1.0,0
2026-01-08 20:00:00,0,0.5089561939239502,1,0.0,0
2026-01-08 21:00:00,1,0.5354951620101929,1,1.0,1
2026-01-08 22:00:00,0,0.48400723934173584,0,0.0,0
2026-01-08 23:00:00,0,0.5059762001037598,1,1.0,0
2026-01-09 00:00:00,1,0.5329797863960266,1,1.0,1
2026-01-09 01:00:00,0,0.48852378129959106,0,1.0,0
2026-01-09 02:00:00,0,0.5195220708847046,1,0.0,0
2026-01-09 03:00:00,1,0.5433505177497864,1,1.0,1
2026-01-09 04:00:00,0,0.4915177822113037,0,1.0,0
2026-01-09 05:00:00,1,0.527029812335968,1,1.0,1
2026-01-09 06:00:00,1,0.4830050766468048,0,0.0,0
2026-01-09 07:00:00,0,0.4676884710788727,0,1.0,0
2026-01-09 08:00:00,0,0.5047861337661743,1,1.0,0
2026-01-09 09:00:00,1,0.600665807723999,1,1.0,1
2026-01-09 10:00:00,1,0.48625609278678894,0,1.0,1
2026-01-09 11:00:00,0,0.455837607383728,0,0.0,0
2026-01-09 12:00:00,0,0.4993670880794525,0,0.0,0
2026-01-09 13:00:00,1,0.5290037393569946,1,1.0,1
2026-01-09 14:00:00,0,0.46873152256011963,0,1.0,0
2026-01-09 15:00:00,1,0.5359569787979126,1,1.0,1
2026-01-09 16:00:00,1,0.49758443236351013,0,1.0,1
2026-01-09 17:00:00,0,0.4660417437553406,0,1.0,0
2026-01-09 18:00:00,0,0.4853271543979645,0,1.0,0
2026-01-09 19:00:00,0,0.5318120121955872,1,1.0,0
2026-01-09 20:00:00,0,0.5943883061408997,1,0.0,0
2026-01-09 21:00:00,1,0.589333176612854,1,1.0,1
2026-01-09 22:00:00,1,0.5104032158851624,1,1.0,1
2026-01-09 23:00:00,1,0.488700807094574,0,0.0,0
2026-01-10 00:00:00,0,0.45791274309158325,0,0.0,0
2026-01-10 01:00:00,1,0.49163922667503357,0,1.0,1
2026-01-10 02:00:00,1,0.4530103802680969,0,0.0,0
2026-01-10 03:00:00,0,0.43519482016563416,0,0.0,0
2026-01-10 04:00:00,0,0.4727533459663391,0,1.0,0
2026-01-10 05:00:00,1,0.5105786919593811,1,1.0,1
2026-01-10 06:00:00,0,0.4574923813343048,0,1.0,0
2026-01-10 07:00:00,1,0.4881197214126587,0,1.0,1
2026-01-10 08:00:00,0,0.45902958512306213,0,0.0,0
2026-01-10 09:00:00,1,0.4917321503162384,0,1.0,1
2026-01-10 10:00:00,1,0.459549218416214,0,0.0,0
2026-01-10 11:00:00,0,0.44539791345596313,0,1.0,0
2026-01-10 12:00:00,1,0.48768946528434753,0,0.0,0
2026-01-10 13:00:00,0,0.44919553399086,0,1.0,0
2026-01-10 14:00:00,0,0.48834899067878723,0,0.0,0
2026-01-10 15:00:00,1,0.5220381617546082,1,1.0,1
2026-01-10 16:00:00,1,0.4874795079231262,0,0.0,0
2026-01-10 17:00:00,0,0.47102561593055725,0,1.0,0
2026-01-10 18:00:00,1,0.4851459264755249,0,0.0,0
2026-01-10 19:00:00,1,0.4637703597545624,0,0.0,0
2026-01-10 20:00:00,0,0.44895637035369873,0,0.0,0
2026-01-10 21:00:00,0,0.4823470711708069,0,0.0,0
2026-01-10 22:00:00,0,0.5133797526359558,1,1.0,0
2026-01-10 23:00:00,1,0.5361498594284058,1,1.0,1
2026-01-11 00:00:00,1,0.48833414912223816,0,1.0,1
2026-01-11 01:00:00,0,0.474714457988739,0,0.0,0
2026-01-11 02:00:00,1,0.5017801523208618,1,1.0,1
2026-01-11 03:00:00,1,0.47216546535491943,0,0.0,0
2026-01-11 04:00:00,1,0.45807868242263794,0,0.0,0
2026-01-11 05:00:00,0,0.4478738009929657,0,0.0,0
2026-01-11 06:00:00,0,0.4855600893497467,0,0.0,0
2026-01-11 07:00:00,0,0.5150339603424072,1,0.0,0
2026-01-11 08:00:00,1,0.5281959772109985,1,1.0,1
2026-01-11 09:00:00,0,0.4892788231372833,0,0.0,0
2026-01-11 10:00:00,0,0.5105253458023071,1,0.0,0
2026-01-11 11:00:00,1,0.5212557911872864,1,0.0,0
2026-01-11 12:00:00,1,0.4956120252609253,0,1.0,1
2026-01-11 13:00:00,0,0.479896605014801,0,1.0,0
2026-01-11 14:00:00,1,0.5094558596611023,1,1.0,1
2026-01-11 15:00:00,0,0.48713597655296326,0,1.0,0
2026-01-11 16:00:00,1,0.5215578079223633,1,1.0,1
2026-01-11 17:00:00,0,0.4856492578983307,0,0.0,0
2026-01-11 18:00:00,0,0.49681636691093445,0,1.0,0
2026-01-11 19:00:00,0,0.527418851852417,1,1.0,0
2026-01-11 20:00:00,1,0.5406615138053894,1,0.0,0
2026-01-11 21:00:00,1,0.5031859278678894,1,0.0,0
2026-01-11 22:00:00,0,0.4837591350078583,0,1.0,0
2026-01-11 23:00:00,1,0.5167113542556763,1,1.0,1
2026-01-12 00:00:00,1,0.4856591522693634,0,1.0,1
2026-01-12 01:00:00,1,0.47461965680122375,0,1.0,1
2026-01-12 02:00:00,1,0.44311395287513733,0,1.0,1
2026-01-12 03:00:00,0,0.4301462769508362,0,1.0,0
2026-01-12 04:00:00,1,0.49550995230674744,0,1.0,1
2026-01-12 05:00:00,0,0.4608519673347473,0,0.0,0
2026-01-12 06:00:00,0,0.49561914801597595,0,1.0,0
2026-01-12 07:00:00,0,0.5314649939537048,1,1.0,0
2026-01-12 08:00:00,0,0.544471800327301,1,1.0,0
2026-01-12 09:00:00,0,0.6062177419662476,1,0.0,0
2026-01-12 10:00:00,0,0.5990129113197327,1,1.0,0
2026-01-12 11:00:00,1,0.6195617318153381,1,1.0,1
2026-01-12 12:00:00,1,0.5235073566436768,1,1.0,1
2026-01-12 13:00:00,0,0.4927765429019928,0,1.0,0
2026-01-12 14:00:00,1,0.5213746428489685,1,1.0,1
2026-01-12 15:00:00,1,0.4919995963573456,0,1.0,1
2026-01-12 16:00:00,1,0.47951167821884155,0,1.0,1
2026-01-12 17:00:00,0,0.4506577253341675,0,1.0,0
2026-01-12 18:00:00,1,0.4867168068885803,0,1.0,1
2026-01-12 19:00:00,1,0.4605865776538849,0,1.0,1
2026-01-12 20:00:00,0,0.4408547878265381,0,1.0,0
2026-01-12 21:00:00,0,0.4886910021305084,0,1.0,0
2026-01-12 22:00:00,1,0.524315357208252,1,1.0,1
2026-01-12 23:00:00,1,0.47958239912986755,0,0.0,0
2026-01-13 00:00:00,1,0.4628371298313141,0,1.0,1
2026-01-13 01:00:00,0,0.4634779691696167,0,1.0,0
2026-01-13 02:00:00,0,0.48973751068115234,0,0.0,0
2026-01-13 03:00:00,1,0.5168561339378357,1,1.0,1
2026-01-13 04:00:00,1,0.4712257385253906,0,1.0,1
2026-01-13 05:00:00,1,0.45965316891670227,0,1.0,1
2026-01-13 06:00:00,1,0.44979092478752136,0,1.0,1
2026-01-13 07:00:00,0,0.4422445595264435,0,1.0,0
2026-01-13 08:00:00,1,0.4817299246788025,0,1.0,1
2026-01-13 09:00:00,1,0.4509374797344208,0,1.0,1
2026-01-13 10:00:00,0,0.4422746002674103,0,1.0,0
2026-01-13 11:00:00,0,0.48340851068496704,0,1.0,0
2026-01-13 12:00:00,1,0.5250601768493652,1,1.0,1
2026-01-13 13:00:00,0,0.4843143820762634,0,0.0,0
2026-01-13 14:00:00,1,0.510829508304596,1,1.0,1
2026-01-13 15:00:00,1,0.4741135537624359,0,1.0,1
2026-01-13 16:00:00,0,0.46032842993736267,0,0.0,0
2026-01-13 17:00:00,0,0.5016346573829651,1,1.0,0
2026-01-13 18:00:00,1,0.509510338306427,1,1.0,1
2026-01-13 19:00:00,1,0.473807692527771,0,1.0,1
2026-01-13 20:00:00,1,0.4472543001174927,0,1.0,1
2026-01-13 21:00:00,0,0.4362163543701172,0,1.0,0
2026-01-13 22:00:00,1,0.5119668245315552,1,1.0,1
2026-01-13 23:00:00,0,0.4939219355583191,0,1.0,0
2026-01-14 00:00:00,0,0.5251880288124084,1,1.0,0
2026-01-14 01:00:00,1,0.5327538847923279,1,0.0,0
2026-01-14 02:00:00,1,0.5151629447937012,1,1.0,1
2026-01-14 03:00:00,1,0.49334201216697693,0,1.0,1
2026-01-14 04:00:00,0,0.4775579273700714,0,1.0,0
2026-01-14 05:00:00,0,0.5134055018424988,1,1.0,0
2026-01-14 06:00:00,1,0.5423805117607117,1,0.0,0
2026-01-14 07:00:00,1,0.5017243027687073,1,1.0,1
2026-01-14 08:00:00,0,0.48202499747276306,0,1.0,0
2026-01-14 09:00:00,1,0.5020401477813721,1,1.0,1
2026-01-14 10:00:00,1,0.4864533543586731,0,0.0,0
2026-01-14 11:00:00,0,0.4760814905166626,0,1.0,0
2026-01-14 12:00:00,1,0.5025202631950378,1,1.0,1
2026-01-14 13:00:00,0,0.48995593190193176,0,0.0,0
2026-01-14 14:00:00,1,0.5219353437423706,1,1.0,1
2026-01-14 15:00:00,1,0.501940906047821,1,1.0,1
2026-01-14 16:00:00,1,0.49795857071876526,0,1.0,1
2026-01-14 17:00:00,0,0.4811381995677948,0,1.0,0
2026-01-14 18:00:00,0,0.518410325050354,1,1.0,0
2026-01-14 19:00:00,1,0.5427717566490173,1,1.0,1
2026-01-14 20:00:00,1,0.48042187094688416,0,1.0,1
2026-01-14 21:00:00,0,0.4534081220626831,0,1.0,0
2026-01-14 22:00:00,0,0.5215011239051819,1,1.0,0
2026-01-14 23:00:00,1,0.5507715344429016,1,0.0,0
2026-01-15 00:00:00,0,0.49577030539512634,0,1.0,0
2026-01-15 01:00:00,0,0.5232742428779602,1,1.0,0
2026-01-15 02:00:00,0,0.5571187138557434,1,1.0,0
2026-01-15 03:00:00,0,0.5799370408058167,1,1.0,0
2026-01-15 04:00:00,1,0.5872384309768677,1,1.0,1
2026-01-15 05:00:00,1,0.5305542945861816,1,1.0,1
2026-01-15 06:00:00,0,0.5105270743370056,1,1.0,0
2026-01-15 07:00:00,1,0.5278859734535217,1,1.0,1
2026-01-15 08:00:00,1,0.4899250268936157,0,0.0,0
2026-01-15 09:00:00,1,0.48817363381385803,0,1.0,1
2026-01-15 10:00:00,0,0.4612727165222168,0,1.0,0
2026-01-15 11:00:00,0,0.5028020143508911,1,1.0,0
2026-01-15 12:00:00,1,0.5466009378433228,1,1.0,1
2026-01-15 13:00:00,0,0.4967765212059021,0,1.0,0
2026-01-15 14:00:00,0,0.5204533934593201,1,1.0,0
2026-01-15 15:00:00,1,0.562738299369812,1,1.0,1
2026-01-15 16:00:00,1,0.5000381469726562,1,0.0,0
2026-01-15 17:00:00,0,0.5280744433403015,1,1.0,0
2026-01-15 18:00:00,0,0.49914291501045227,0,1.0,0
2026-01-15 19:00:00,0,0.5417084097862244,1,1.0,0
2026-01-15 20:00:00,0,0.556159496307373,1,1.0,0
2026-01-15 21:00:00,1,0.5738086104393005,1,1.0,1
2026-01-15 22:00:00,0,0.5252076983451843,1,0.0,0
2026-01-15 23:00:00,1,0.49893832206726074,0,0.0,0
2026-01-16 00:00:00,1,0.4990290701389313,0,0.0,0
2026-01-16 01:00:00,1,0.4758448600769043,0,0.0,0
2026-01-16 02:00:00,0,0.46573343873023987,0,1.0,0
2026-01-16 03:00:00,0,0.5103598237037659,1,1.0,0
2026-01-16 04:00:00,0,0.551565408706665,1,1.0,0
2026-01-16 05:00:00,1,0.5701753497123718,1,1.0,1
2026-01-16 06:00:00,1,0.5001311302185059,1,0.0,0
2026-01-16 07:00:00,0,0.48155373334884644,0,1.0,0
2026-01-16 08:00:00,1,0.5250659584999084,1,0.0,0
2026-01-16 09:00:00,0,0.49489009380340576,0,0.0,0
2026-01-16 10:00:00,0,0.5380821228027344,1,1.0,0
2026-01-16 11:00:00,1,0.5585379004478455,1,1.0,1
2026-01-16 12:00:00,1,0.49399620294570923,0,0.0,0
2026-01-16 13:00:00,0,0.47561368346214294,0,0.0,0
2026-01-16 14:00:00,0,0.49712997674942017,0,1.0,0
2026-01-16 15:00:00,0,0.5612156391143799,1,1.0,0
2026-01-16 16:00:00,1,0.5908834338188171,1,1.0,1
2026-01-16 17:00:00,1,0.5143646001815796,1,1.0,1
2026-01-16 18:00:00,0,0.48214906454086304,0,0.0,0
2026-01-16 19:00:00,1,0.5335866212844849,1,0.0,0
2026-01-16 20:00:00,1,0.5046864748001099,1,1.0,1
2026-01-16 21:00:00,0,0.46887850761413574,0,0.0,0
2026-01-16 22:00:00,0,0.5253573656082153,1,0.0,0
2026-01-16 23:00:00,1,0.5309838056564331,1,0.0,0
2026-01-17 00:00:00,0,0.4918162524700165,0,0.0,0
2026-01-17 01:00:00,0,0.519778847694397,1,0.0,0
2026-01-17 02:00:00,0,0.5440757870674133,1,0.0,0
2026-01-17 03:00:00,1,0.5636304020881653,1,0.0,0
2026-01-17 04:00:00,0,0.5367575287818909,1,0.0,0
2026-01-17 05:00:00,1,0.541276216506958,1,0.0,0
2026-01-17 06:00:00,0,0.5250244736671448,1,0.0,0
2026-01-17 07:00:00,0,0.5475627183914185,1,1.0,0
2026-01-17 08:00:00,1,0.5619680285453796,1,1.0,1
2026-01-17 09:00:00,1,0.509841799736023,1,0.0,0
2026-01-17 10:00:00,0,0.4956316351890564,0,1.0,0
2026-01-17 11:00:00,1,0.5256143808364868,1,1.0,1
2026-01-17 12:00:00,0,0.4867452085018158,0,0.0,0
2026-01-17 13:00:00,1,0.5149795413017273,1,1.0,1
2026-01-17 14:00:00,1,0.47417259216308594,0,0.0,0
2026-01-17 15:00:00,1,0.4667384624481201,0,1.0,1
2026-01-17 16:00:00,0,0.46449166536331177,0,1.0,0
2026-01-17 17:00:00,1,0.49254369735717773,0,0.0,0
2026-01-17 18:00:00,1,0.462452232837677,0,0.0,0
2026-01-17 19:00:00,0,0.45199525356292725,0,1.0,0
2026-01-17 20:00:00,1,0.4930294454097748,0,1.0,1
2026-01-17 21:00:00,0,0.47158294916152954,0,0.0,0
2026-01-17 22:00:00,0,0.5054701566696167,1,1.0,0
2026-01-17 23:00:00,0,0.5281206965446472,1,0.0,0
2026-01-18 00:00:00,0,0.549461841583252,1,0.0,0
2026-01-18 01:00:00,0,0.5670270919799805,1,1.0,0
2026-01-18 02:00:00,1,0.5813937187194824,1,0.0,0
2026-01-18 03:00:00,1,0.5257595777511597,1,1.0,1
2026-01-18 04:00:00,0,0.5002997517585754,1,1.0,0
2026-01-18 05:00:00,1,0.5327776670455933,1,1.0,1
2026-01-18 06:00:00,0,0.4928613603115082,0,0.0,0
2026-01-18 07:00:00,0,0.5241490006446838,1,1.0,0
2026-01-18 08:00:00,1,0.5445355772972107,1,1.0,1
2026-01-18 09:00:00,1,0.49915778636932373,0,1.0,1
2026-01-18 10:00:00,0,0.48390403389930725,0,1.0,0
2026-01-18 11:00:00,0,0.5160006284713745,1,0.0,0
2026-01-18 12:00:00,0,0.5530712604522705,1,0.0,0
2026-01-18 13:00:00,1,0.5767937302589417,1,0.0,0
2026-01-18 14:00:00,0,0.510513424873352,1,1.0,0
2026-01-18 15:00:00,1,0.5431716442108154,1,1.0,1
2026-01-18 16:00:00,1,0.5151224136352539,1,0.0,0
2026-01-18 17:00:00,1,0.4900083541870117,0,1.0,1
2026-01-18 18:00:00,1,0.4543946087360382,0,1.0,1
2026-01-18 19:00:00,0,0.44826048612594604,0,0.0,0
2026-01-18 20:00:00,0,0.49771085381507874,0,0.0,0
2026-01-18 21:00:00,1,0.5316932797431946,1,1.0,1
2026-01-18 22:00:00,1,0.48549386858940125,0,0.0,0
2026-01-18 23:00:00,0,0.46616125106811523,0,1.0,0
2026-01-19 00:00:00,0,0.6193053126335144,1,1.0,0
2026-01-19 01:00:00,0,0.6530250310897827,1,1.0,0
2026-01-19 02:00:00,0,0.5837336778640747,1,0.0,0
2026-01-19 03:00:00,1,0.5806062817573547,1,1.0,1
2026-01-19 04:00:00,0,0.5088222026824951,1,0.0,0
2026-01-19 05:00:00,0,0.5433237552642822,1,1.0,0
2026-01-19 06:00:00,1,0.578712522983551,1,0.0,0
2026-01-19 07:00:00,1,0.5088022351264954,1,1.0,1
2026-01-19 08:00:00,1,0.4695679545402527,0,1.0,1
2026-01-19 09:00:00,0,0.4434800148010254,0,1.0,0
2026-01-19 10:00:00,1,0.47666695713996887,0,0.0,0
2026-01-19 11:00:00,1,0.45358607172966003,0,1.0,1
2026-01-19 12:00:00,0,0.42735910415649414,0,1.0,0
2026-01-19 13:00:00,0,0.4758579134941101,0,0.0,0
2026-01-19 14:00:00,0,0.5078572034835815,1,1.0,0
2026-01-19 15:00:00,1,0.5697504281997681,1,1.0,1
2026-01-19 16:00:00,1,0.4895309507846832,0,1.0,1
2026-01-19 17:00:00,0,0.46182745695114136,0,0.0,0
2026-01-19 18:00:00,0,0.49202677607536316,0,1.0,0
2026-01-19 19:00:00,1,0.5191416144371033,1,0.0,0
2026-01-19 20:00:00,1,0.46774792671203613,0,0.0,0
2026-01-19 21:00:00,0,0.4466744065284729,0,1.0,0
2026-01-19 22:00:00,0,0.48502182960510254,0,1.0,0
2026-01-19 23:00:00,1,0.5931897163391113,1,0.0,0
2026-01-20 00:00:00,1,0.49778351187705994,0,1.0,1
2026-01-20 01:00:00,0,0.4662052392959595,0,0.0,0
2026-01-20 02:00:00,0,0.4650282859802246,0,1.0,0
2026-01-20 03:00:00,0,0.5142930746078491,1,1.0,0
2026-01-20 04:00:00,0,0.5694347620010376,1,1.0,0
2026-01-20 05:00:00,0,0.6070759296417236,1,1.0,0
2026-01-20 06:00:00,0,0.6222272515296936,1,1.0,0
2026-01-20 07:00:00,1,0.6285451054573059,1,1.0,1
2026-01-20 08:00:00,0,0.551601231098175,1,0.0,0
2026-01-20 09:00:00,0,0.6080305576324463,1,1.0,0
2026-01-20 10:00:00,1,0.6206211447715759,1,1.0,1
2026-01-20 11:00:00,0,0.5297636389732361,1,0.0,0
2026-01-20 12:00:00,1,0.5954196453094482,1,0.0,0
2026-01-20 13:00:00,0,0.5294261574745178,1,1.0,0
2026-01-20 14:00:00,0,0.5851531624794006,1,1.0,0
2026-01-20 15:00:00,1,0.6091340780258179,1,1.0,1
2026-01-20 16:00:00,0,0.541032075881958,1,1.0,0
2026-01-20 17:00:00,0,0.5612147450447083,1,1.0,0
2026-01-20 18:00:00,0,0.6007360219955444,1,1.0,0
2026-01-20 19:00:00,1,0.6067191958427429,1,1.0,1
2026-01-20 20:00:00,1,0.5451358556747437,1,0.0,0
2026-01-20 21:00:00,0,0.5220372080802917,1,1.0,0
2026-01-20 22:00:00,0,0.5762178897857666,1,1.0,0
2026-01-20 23:00:00,0,0.6161616444587708,1,1.0,0
2026-01-21 00:00:00,1,0.6114143133163452,1,1.0,1
2026-01-21 01:00:00,1,0.5065355896949768,1,1.0,1
2026-01-21 02:00:00,1,0.5026316046714783,1,0.0,0
2026-01-21 03:00:00,1,0.49375441670417786,0,1.0,1
2026-01-21 04:00:00,1,0.4536365568637848,0,0.0,0
2026-01-21 05:00:00,1,0.4830559194087982,0,1.0,1
2026-01-21 06:00:00,0,0.4500119388103485,0,1.0,0
2026-01-21 07:00:00,0,0.5258445739746094,1,1.0,0
2026-01-21 08:00:00,0,0.562709391117096,1,0.0,0
2026-01-21 09:00:00,0,0.583351731300354,1,1.0,0
2026-01-21 10:00:00,1,0.5826756954193115,1,1.0,1
2026-01-21 11:00:00,0,0.5246794819831848,1,1.0,0
2026-01-21 12:00:00,0,0.5904598236083984,1,0.0,0
2026-01-21 13:00:00,0,0.595563530921936,1,0.0,0
2026-01-21 14:00:00,1,0.5887884497642517,1,1.0,1
2026-01-21 15:00:00,1,0.4508476257324219,0,1.0,1
2026-01-21 16:00:00,0,0.4245986044406891,0,1.0,0
2026-01-21 17:00:00,1,0.5535880327224731,1,1.0,1
2026-01-21 18:00:00,1,0.5128933787345886,1,1.0,1
2026-01-21 19:00:00,1,0.478706419467926,0,1.0,1
2026-01-21 20:00:00,0,0.36412402987480164,0,1.0,0
2026-01-21 21:00:00,1,0.5349795818328857,1,0.0,0
2026-01-21 22:00:00,0,0.4954463243484497,0,1.0,0
2026-01-21 23:00:00,0,0.543064296245575,1,1.0,0
2026-01-22 00:00:00,1,0.5801227688789368,1,1.0,1
2026-01-22 01:00:00,1,0.483673632144928,0,1.0,1
2026-01-22 02:00:00,0,0.45749250054359436,0,1.0,0
2026-01-22 03:00:00,0,0.5434283018112183,1,0.0,0
2026-01-22 04:00:00,1,0.5664854049682617,1,1.0,1
2026-01-22 05:00:00,1,0.5021001696586609,1,0.0,0
2026-01-22 06:00:00,1,0.4709889888763428,0,1.0,1
2026-01-22 07:00:00,0,0.4479030668735504,0,1.0,0
2026-01-22 08:00:00,1,0.5234464406967163,1,1.0,1
2026-01-22 09:00:00,1,0.5115955471992493,1,1.0,1
2026-01-22 10:00:00,1,0.46178382635116577,0,0.0,0
2026-01-22 11:00:00,0,0.46248558163642883,0,1.0,0
2026-01-22 12:00:00,1,0.5393301248550415,1,0.0,0
2026-01-22 13:00:00,0,0.5109041333198547,1,1.0,0
2026-01-22 14:00:00,0,0.5482301115989685,1,1.0,0
2026-01-22 15:00:00,0,0.5874441862106323,1,0.0,0
2026-01-22 16:00:00,1,0.5793004631996155,1,0.0,0
2026-01-22 17:00:00,1,0.5201029777526855,1,1.0,1
2026-01-22 18:00:00,0,0.43203458189964294,0,1.0,0
2026-01-22 19:00:00,1,0.5467095375061035,1,1.0,1
2026-01-22 20:00:00,0,0.45764175057411194,0,1.0,0
2026-01-22 21:00:00,0,0.5295925736427307,1,1.0,0
2026-01-22 22:00:00,1,0.5592870116233826,1,0.0,0
2026-01-22 23:00:00,1,0.5143938064575195,1,1.0,1
2026-01-23 00:00:00,0,0.4879303574562073,0,0.0,0
2026-01-23 01:00:00,1,0.5585077404975891,1,1.0,1
2026-01-23 02:00:00,0,0.4797840714454651,0,1.0,0
2026-01-23 03:00:00,1,0.5474075675010681,1,1.0,1
2026-01-23 04:00:00,1,0.45718681812286377,0,0.0,0
2026-01-23 05:00:00,0,0.4694003164768219,0,1.0,0
2026-01-23 06:00:00,0,0.5384974479675293,1,1.0,0
2026-01-23 07:00:00,1,0.5659099817276001,1,0.0,0
2026-01-23 08:00:00,0,0.5218905806541443,1,1.0,0
2026-01-23 09:00:00,0,0.5551748275756836,1,1.0,0
2026-01-23 10:00:00,1,0.572182834148407,1,0.0,0
2026-01-23 11:00:00,1,0.5133005976676941,1,1.0,1
2026-01-23 12:00:00,1,0.4924990236759186,0,0.0,0
2026-01-23 13:00:00,1,0.4855588674545288,0,0.0,0
2026-01-23 14:00:00,0,0.4698598086833954,0,1.0,0
2026-01-23 15:00:00,1,0.5743975639343262,1,1.0,1
2026-01-23 16:00:00,1,0.4700433611869812,0,1.0,1
2026-01-23 17:00:00,1,0.4200744926929474,0,1.0,1
2026-01-23 18:00:00,0,0.4121314585208893,0,0.0,0
2026-01-23 19:00:00,0,0.5277752876281738,1,1.0,0
2026-01-23 20:00:00,0,0.5636874437332153,1,1.0,0
2026-01-23 21:00:00,0,0.6104809045791626,1,1.0,0
2026-01-23 22:00:00,1,0.6010985374450684,1,1.0,1
2026-01-23 23:00:00,0,0.5356312394142151,1,0.0,0
2026-01-24 00:00:00,0,0.5692595839500427,1,1.0,0
2026-01-24 01:00:00,1,0.5909214615821838,1,1.0,1
2026-01-24 02:00:00,1,0.5274561047554016,1,1.0,1
2026-01-24 03:00:00,1,0.5014348030090332,1,0.0,0
2026-01-24 04:00:00,1,0.4949449300765991,0,0.0,0
2026-01-24 05:00:00,0,0.48861774802207947,0,0.0,0
2026-01-24 06:00:00,0,0.553781270980835,1,1.0,0
2026-01-24 07:00:00,0,0.5820288062095642,1,0.0,0
2026-01-24 08:00:00,1,0.5935176610946655,1,0.0,0
2026-01-24 09:00:00,0,0.52651047706604,1,0.0,0
2026-01-24 10:00:00,1,0.5605452656745911,1,0.0,0
2026-01-24 11:00:00,0,0.5074849128723145,1,0.0,0
2026-01-24 12:00:00,0,0.5567523837089539,1,0.0,0
2026-01-24 13:00:00,0,0.5838824510574341,1,1.0,0
2026-01-24 14:00:00,1,0.5896989703178406,1,0.0,0
2026-01-24 15:00:00,0,0.5104771852493286,1,1.0,0
2026-01-24 16:00:00,1,0.5652214288711548,1,0.0,0
2026-01-24 17:00:00,1,0.5239694118499756,1,1.0,1
2026-01-24 18:00:00,0,0.48854517936706543,0,0.0,0
2026-01-24 19:00:00,0,0.5549055933952332,1,0.0,0
2026-01-24 20:00:00,1,0.576960027217865,1,0.0,0
2026-01-24 21:00:00,1,0.5185452103614807,1,0.0,0
2026-01-24 22:00:00,1,0.4906734228134155,0,0.0,0
2026-01-24 23:00:00,0,0.48140448331832886,0,1.0,0
2026-01-25 00:00:00,1,0.5478413701057434,1,0.0,0
2026-01-25 01:00:00,0,0.5065273642539978,1,1.0,0
2026-01-25 02:00:00,0,0.5558533072471619,1,0.0,0
2026-01-25 03:00:00,0,0.5757052302360535,1,1.0,0
2026-01-25 04:00:00,1,0.5804194808006287,1,0.0,0
2026-01-25 05:00:00,0,0.5157777070999146,1,0.0,0
2026-01-25 06:00:00,0,0.5588979721069336,1,1.0,0
2026-01-25 07:00:00,0,0.5718092322349548,1,1.0,0
2026-01-25 08:00:00,0,0.5806244611740112,1,1.0,0
2026-01-25 09:00:00,1,0.6052731275558472,1,1.0,1
2026-01-25 10:00:00,1,0.5206310749053955,1,1.0,1
2026-01-25 11:00:00,0,0.4753449261188507,0,0.0,0
2026-01-25 12:00:00,1,0.5433456301689148,1,1.0,1
2026-01-25 13:00:00,1,0.49907615780830383,0,1.0,1
2026-01-25 14:00:00,0,0.46772903203964233,0,1.0,0
2026-01-25 15:00:00,0,0.5307509899139404,1,1.0,0
2026-01-25 16:00:00,0,0.5596530437469482,1,1.0,0
2026-01-25 17:00:00,0,0.590718150138855,1,1.0,0
2026-01-25 18:00:00,0,0.590689480304718,1,1.0,0
2026-01-25 19:00:00,0,0.6097441911697388,1,1.0,0
2026-01-25 20:00:00,1,0.6218163371086121,1,1.0,1
2026-01-25 21:00:00,0,0.5324410796165466,1,0.0,0
2026-01-25 22:00:00,0,0.5552464723587036,1,0.0,0
2026-01-25 23:00:00,1,0.56612628698349,1,1.0,1
2026-01-26 00:00:00,1,0.5066261887550354,1,1.0,1
2026-01-26 01:00:00,1,0.47565025091171265,0,1.0,1
2026-01-26 02:00:00,0,0.46514907479286194,0,1.0,0
2026-01-26 03:00:00,0,0.5266976356506348,1,1.0,0
2026-01-26 04:00:00,1,0.5855808258056641,1,1.0,1
2026-01-26 05:00:00,1,0.5213527679443359,1,1.0,1
2026-01-26 06:00:00,1,0.4744495153427124,0,1.0,1
2026-01-26 07:00:00,1,0.46365973353385925,0,0.0,0
2026-01-26 08:00:00,0,0.45456618070602417,0,0.0,0
2026-01-26 09:00:00,0,0.5238528251647949,1,1.0,0
2026-01-26 10:00:00,1,0.5826777815818787,1,1.0,1
2026-01-26 11:00:00,0,0.5132234692573547,1,0.0,0
2026-01-26 12:00:00,0,0.5358926057815552,1,0.0,0
2026-01-26 13:00:00,1,0.5605312585830688,1,1.0,1
2026-01-26 14:00:00,1,0.49619293212890625,0,1.0,1
2026-01-26 15:00:00,0,0.45479947328567505,0,1.0,0
2026-01-26 16:00:00,0,0.5700616836547852,1,0.0,0
2026-01-26 17:00:00,1,0.565207302570343,1,1.0,1
2026-01-26 18:00:00,1,0.49664217233657837,0,1.0,1
2026-01-26 19:00:00,0,0.4119487404823303,0,1.0,0
2026-01-26 20:00:00,0,0.5529213547706604,1,1.0,0
2026-01-26 21:00:00,1,0.5900388360023499,1,1.0,1
2026-01-26 22:00:00,1,0.5029142498970032,1,0.0,0
2026-01-26 23:00:00,1,0.4675014317035675,0,1.0,1
2026-01-27 00:00:00,1,0.4576941728591919,0,0.0,0
2026-01-27 01:00:00,1,0.4473743438720703,0,1.0,1
2026-01-27 02:00:00,1,0.45804375410079956,0,1.0,1
2026-01-27 03:00:00,0,0.43921464681625366,0,0.0,0
2026-01-27 04:00:00,0,0.5187498331069946,1,1.0,0
2026-01-27 05:00:00,0,0.5440751314163208,1,1.0,0
2026-01-27 06:00:00,0,0.5514723658561707,1,1.0,0
2026-01-27 07:00:00,0,0.5531297326087952,1,0.0,0
2026-01-27 08:00:00,0,0.5613608360290527,1,1.0,0
2026-01-27 09:00:00,0,0.5635524392127991,1,1.0,0
2026-01-27 10:00:00,0,0.562646210193634,1,1.0,0
2026-01-27 11:00:00,1,0.5593579411506653,1,1.0,1
2026-01-27 12:00:00,0,0.5130309462547302,1,0.0,0
2026-01-27 13:00:00,0,0.4967764616012573,0,0.0,0
2026-01-27 14:00:00,0,0.5179700255393982,1,1.0,0
2026-01-27 15:00:00,1,0.5462083220481873,1,1.0,1
2026-01-27 16:00:00,1,0.491666316986084,0,1.0,1
2026-01-27 17:00:00,0,0.4122666120529175,0,1.0,0
2026-01-27 18:00:00,1,0.5466099977493286,1,1.0,1
2026-01-27 19:00:00,1,0.43718254566192627,0,1.0,1
2026-01-27 20:00:00,1,0.4529081881046295,0,1.0,1
2026-01-27 21:00:00,0,0.4024736285209656,0,1.0,0
2026-01-27 22:00:00,1,0.5144142508506775,1,1.0,1
2026-01-27 23:00:00,1,0.43917110562324524,0,0.0,0
2026-01-28 00:00:00,1,0.46635037660598755,0,1.0,1
2026-01-28 01:00:00,0,0.40967682003974915,0,0.0,0
2026-01-28 02:00:00,0,0.5157642364501953,1,1.0,0
2026-01-28 03:00:00,0,0.5554803013801575,1,1.0,0
2026-01-28 04:00:00,0,0.5669394135475159,1,1.0,0
2026-01-28 05:00:00,1,0.5690262913703918,1,1.0,1
2026-01-28 06:00:00,1,0.5142567753791809,1,1.0,1
2026-01-28 07:00:00,0,0.4294729232788086,0,1.0,0
2026-01-28 08:00:00,0,0.5294252038002014,1,1.0,0
2026-01-28 09:00:00,1,0.5578882098197937,1,1.0,1
2026-01-28 10:00:00,0,0.446355402469635,0,1.0,0
2026-01-28 11:00:00,1,0.5251639485359192,1,1.0,1
2026-01-28 12:00:00,0,0.40103477239608765,0,0.0,0
2026-01-28 13:00:00,1,0.5174968838691711,1,1.0,1
2026-01-28 14:00:00,0,0.41487306356430054,0,1.0,0
2026-01-28 15:00:00,0,0.5166218876838684,1,1.0,0
2026-01-28 16:00:00,1,0.5572907328605652,1,1.0,1
2026-01-28 17:00:00,1,0.46414798498153687,0,1.0,1
2026-01-28 18:00:00,0,0.3773175776004791,0,1.0,0
2026-01-28 19:00:00,0,0.5082699656486511,1,1.0,0
2026-01-28 20:00:00,0,0.5544113516807556,1,1.0,0
2026-01-28 21:00:00,1,0.578610897064209,1,1.0,1
2026-01-28 22:00:00,0,0.4960465729236603,0,0.0,0
2026-01-28 23:00:00,0,0.5556566119194031,1,1.0,0
2026-01-29 00:00:00,0,0.58559250831604,1,1.0,0
2026-01-29 01:00:00,0,0.5899980068206787,1,1.0,0
2026-01-29 02:00:00,0,0.5994815826416016,1,1.0,0
2026-01-29 03:00:00,1,0.6249833703041077,1,1.0,1
2026-01-29 04:00:00,1,0.5561347603797913,1,1.0,1
2026-01-29 05:00:00,0,0.5136364698410034,1,1.0,0
2026-01-29 06:00:00,1,0.5656288862228394,1,1.0,1
2026-01-29 07:00:00,1,0.5219533443450928,1,0.0,0
2026-01-29 08:00:00,0,0.5011587738990784,1,1.0,0
2026-01-29 09:00:00,0,0.555051326751709,1,1.0,0
2026-01-29 10:00:00,1,0.5755003094673157,1,0.0,0
2026-01-29 11:00:00,0,0.5199172496795654,1,1.0,0
2026-01-29 12:00:00,1,0.5548459887504578,1,1.0,1
2026-01-29 13:00:00,0,0.5132187604904175,1,0.0,0
2026-01-29 14:00:00,0,0.5610007047653198,1,1.0,0
2026-01-29 15:00:00,0,0.603144645690918,1,1.0,0
2026-01-29 16:00:00,1,0.6375043988227844,1,1.0,1
2026-01-29 17:00:00,0,0.5401555895805359,1,1.0,0
2026-01-29 18:00:00,0,0.6031544208526611,1,1.0,0
2026-01-29 19:00:00,1,0.6229085922241211,1,1.0,1
2026-01-29 20:00:00,1,0.527745246887207,1,1.0,1
2026-01-29 21:00:00,1,0.48718971014022827,0,1.0,1
2026-01-29 22:00:00,1,0.47403550148010254,0,0.0,0
2026-01-29 23:00:00,1,0.4695417881011963,0,0.0,0
2026-01-30 00:00:00,0,0.4578721523284912,0,1.0,0
2026-01-30 01:00:00,0,0.5806199312210083,1,1.0,0
2026-01-30 02:00:00,0,0.6258694529533386,1,1.0,0
2026-01-30 03:00:00,1,0.6430490016937256,1,1.0,1
2026-01-30 04:00:00,1,0.5235549807548523,1,1.0,1
2026-01-30 05:00:00,0,0.4757222831249237,0,0.0,0
2026-01-30 06:00:00,0,0.4937048852443695,0,1.0,0
2026-01-30 07:00:00,1,0.5766705274581909,1,1.0,1
2026-01-30 08:00:00,0,0.5234343409538269,1,1.0,0
2026-01-30 09:00:00,0,0.5886824131011963,1,1.0,0
2026-01-30 10:00:00,1,0.6080878376960754,1,1.0,1
2026-01-30 11:00:00,1,0.5172783732414246,1,1.0,1
2026-01-30 12:00:00,0,0.4773571193218231,0,1.0,0
2026-01-30 13:00:00,0,0.5677797794342041,1,0.0,0
2026-01-30 14:00:00,1,0.5818691849708557,1,1.0,1
2026-01-30 15:00:00,0,0.4853387176990509,0,1.0,0
2026-01-30 16:00:00,1,0.5886428952217102,1,1.0,1
2026-01-30 17:00:00,0,0.5405347347259521,1,1.0,0
2026-01-30 18:00:00,1,0.5869148373603821,1,1.0,1
2026-01-30 19:00:00,1,0.5216996073722839,1,1.0,1
2026-01-30 20:00:00,0,0.47589224576950073,0,1.0,0
2026-01-30 21:00:00,1,0.5732939839363098,1,1.0,1
2026-01-30 22:00:00,0,0.5198161005973816,1,0.0,0
2026-01-30 23:00:00,1,0.5404692888259888,1,0.0,0
2026-01-31 00:00:00,0,0.4985465407371521,0,1.0,0
2026-01-31 01:00:00,0,0.5437431931495667,1,0.0,0
2026-01-31 02:00:00,1,0.556460440158844,1,1.0,1
2026-01-31 03:00:00,0,0.5048997402191162,1,1.0,0
2026-01-31 04:00:00,0,0.5468307733535767,1,0.0,0
2026-01-31 05:00:00,1,0.5297921895980835,1,0.0,0
2026-01-31 06:00:00,0,0.501884400844574,1,1.0,0
2026-01-31 07:00:00,0,0.5523307919502258,1,1.0,0
2026-01-31 08:00:00,0,0.5930433869361877,1,1.0,0
2026-01-31 09:00:00,1,0.6010217070579529,1,0.0,0
2026-01-31 10:00:00,1,0.5169611573219299,1,0.0,0
2026-01-31 11:00:00,0,0.4781569838523865,0,1.0,0
2026-01-31 12:00:00,0,0.5374516844749451,1,1.0,0
2026-01-31 13:00:00,1,0.5909814834594727,1,0.0,0
2026-01-31 14:00:00,0,0.5244925618171692,1,1.0,0
2026-01-31 15:00:00,0,0.6040730476379395,1,1.0,0
2026-01-31 16:00:00,0,0.6187248229980469,1,1.0,0
2026-01-31 17:00:00,0,0.6237090826034546,1,1.0,0
2026-01-31 18:00:00,0,0.6358228325843811,1,1.0,0
2026-01-31 19:00:00,0,0.64164137840271,1,1.0,0
2026-01-31 20:00:00,1,0.6395372748374939,1,1.0,1
2026-01-31 21:00:00,1,0.5292185544967651,1,1.0,1
2026-01-31 22:00:00,0,0.48839038610458374,0,1.0,0
2026-01-31 23:00:00,1,0.572871208190918,1,1.0,1
2026-02-01 00:00:00,1,0.5192092657089233,1,1.0,1
2026-02-01 01:00:00,0,0.47517234086990356,0,1.0,0
2026-02-01 02:00:00,1,0.5713241100311279,1,1.0,1
2026-02-01 03:00:00,0,0.5132409930229187,1,0.0,0
2026-02-01 04:00:00,1,0.5038687586784363,1,1.0,1
2026-02-01 05:00:00,0,0.48340487480163574,0,1.0,0
2026-02-01 06:00:00,0,0.5685970783233643,1,1.0,0
2026-02-01 07:00:00,1,0.6038700938224792,1,0.0,0
2026-02-01 08:00:00,1,0.5339046716690063,1,1.0,1
2026-02-01 09:00:00,1,0.4801490902900696,0,1.0,1
2026-02-01 10:00:00,0,0.45170578360557556,0,1.0,0
2026-02-01 11:00:00,1,0.556182324886322,1,1.0,1
2026-02-01 12:00:00,0,0.5126225352287292,1,1.0,0
2026-02-01 13:00:00,0,0.5760424137115479,1,1.0,0
2026-02-01 14:00:00,0,0.5793756246566772,1,1.0,0
2026-02-01 15:00:00,0,0.5997015833854675,1,1.0,0
2026-02-01 16:00:00,0,0.6238202452659607,1,1.0,0
2026-02-01 17:00:00,1,0.6183525919914246,1,1.0,1
2026-02-01 18:00:00,1,0.5319883823394775,1,1.0,1
2026-02-01 19:00:00,0,0.48076120018959045,0,1.0,0
2026-02-01 20:00:00,0,0.5750319957733154,1,0.0,0
2026-02-01 21:00:00,0,0.5522991418838501,1,1.0,0
2026-02-01 22:00:00,1,0.5948562622070312,1,1.0,1
2026-02-01 23:00:00,0,0.520307719707489,1,1.0,0
2026-02-02 00:00:00,1,0.603814959526062,1,1.0,1
2026-02-02 01:00:00,0,0.49339205026626587,0,1.0,0
2026-02-02 02:00:00,0,0.575134813785553,1,1.0,0
2026-02-02 03:00:00,0,0.5817999243736267,1,1.0,0
2026-02-02 04:00:00,0,0.6189674735069275,1,1.0,0
2026-02-02 05:00:00,0,0.6092877388000488,1,1.0,0
2026-02-02 06:00:00,1,0.6163222193717957,1,1.0,1
2026-02-02 07:00:00,1,0.5118556618690491,1,1.0,1
2026-02-02 08:00:00,1,0.47056594491004944,0,1.0,1
2026-02-02 09:00:00,1,0.4603237211704254,0,1.0,1
2026-02-02 10:00:00,0,0.44618162512779236,0,1.0,0
2026-02-02 11:00:00,1,0.5150264501571655,1,1.0,1
2026-02-02 12:00:00,1,0.48741674423217773,0,1.0,1
2026-02-02 13:00:00,1,0.4517475664615631,0,1.0,1
2026-02-02 14:00:00,0,0.43487533926963806,0,1.0,0
2026-02-02 15:00:00,1,0.5407758951187134,1,1.0,1
2026-02-02 16:00:00,0,0.5073770880699158,1,1.0,0
2026-02-02 17:00:00,1,0.5248478651046753,1,1.0,1
2026-02-02 18:00:00,0,0.4858473837375641,0,1.0,0
2026-02-02 19:00:00,0,0.5668300986289978,1,1.0,0
2026-02-02 20:00:00,0,0.5682514309883118,1,1.0,0
2026-02-02 21:00:00,1,0.5599875450134277,1,1.0,1
2026-02-02 22:00:00,1,0.4966230094432831,0,1.0,1
2026-02-02 23:00:00,0,0.4654179811477661,0,0.0,0
2026-02-03 00:00:00,1,0.528325617313385,1,1.0,1
2026-02-03 01:00:00,0,0.4634039103984833,0,0.0,0
2026-02-03 02:00:00,0,0.5252134203910828,1,1.0,0
2026-02-03 03:00:00,1,0.571312427520752,1,1.0,1
2026-02-03 04:00:00,1,0.5069072842597961,1,0.0,0
2026-02-03 05:00:00,0,0.45817986130714417,0,1.0,0
2026-02-03 06:00:00,1,0.5548819899559021,1,1.0,1
2026-02-03 07:00:00,1,0.4952758550643921,0,1.0,1
2026-02-03 08:00:00,0,0.4518638253211975,0,0.0,0
2026-02-03 09:00:00,0,0.5187844634056091,1,1.0,0
2026-02-03 10:00:00,0,0.5414389371871948,1,1.0,0
2026-02-03 11:00:00,0,0.5467636585235596,1,0.0,0
2026-02-03 12:00:00,1,0.5195753574371338,1,1.0,1
2026-02-03 13:00:00,0,0.470120906829834,0,0.0,0
2026-02-03 14:00:00,0,0.49091026186943054,0,1.0,0
2026-02-03 15:00:00,1,0.5506100654602051,1,1.0,1
2026-02-03 16:00:00,0,0.49332088232040405,0,1.0,0
2026-02-03 17:00:00,0,0.5500674843788147,1,1.0,0
2026-02-03 18:00:00,0,0.5827587246894836,1,1.0,0
2026-02-03 19:00:00,1,0.6259874701499939,1,1.0,1
2026-02-03 20:00:00,1,0.5080350637435913,1,1.0,1
2026-02-03 21:00:00,0,0.45524919033050537,0,1.0,0
2026-02-03 22:00:00,0,0.5141317248344421,1,1.0,0
2026-02-03 23:00:00,1,0.5719303488731384,1,0.0,0
2026-02-04 00:00:00,1,0.5015684366226196,1,1.0,1
2026-02-04 01:00:00,1,0.4414747357368469,0,1.0,1
2026-02-04 02:00:00,0,0.44633370637893677,0,1.0,0
2026-02-04 03:00:00,1,0.5438472032546997,1,1.0,1
2026-02-04 04:00:00,0,0.4936102330684662,0,1.0,0
2026-02-04 05:00:00,0,0.5227879881858826,1,1.0,0
2026-02-04 06:00:00,1,0.5425364375114441,1,1.0,1
2026-02-04 07:00:00,0,0.4823014736175537,0,1.0,0
2026-02-04 08:00:00,1,0.5241574645042419,1,0.0,0
2026-02-04 09:00:00,0,0.4796092212200165,0,1.0,0
2026-02-04 10:00:00,1,0.5240278244018555,1,1.0,1
2026-02-04 11:00:00,0,0.4811621606349945,0,1.0,0
2026-02-04 12:00:00,1,0.5198880434036255,1,1.0,1
2026-02-04 13:00:00,0,0.4772631525993347,0,1.0,0
2026-02-04 14:00:00,0,0.5595168471336365,1,1.0,0
2026-02-04 15:00:00,0,0.5803345441818237,1,1.0,0
2026-02-04 16:00:00,0,0.5714935064315796,1,1.0,0
2026-02-04 17:00:00,0,0.5883065462112427,1,1.0,0
2026-02-04 18:00:00,1,0.6002697944641113,1,1.0,1
2026-02-04 19:00:00,1,0.5136168599128723,1,1.0,1
2026-02-04 20:00:00,0,0.4606759250164032,0,1.0,0
2026-02-04 21:00:00,0,0.5543369650840759,1,1.0,0
2026-02-04 22:00:00,0,0.5720509886741638,1,1.0,0
2026-02-04 23:00:00,1,0.590836226940155,1,1.0,1
2026-02-05 00:00:00,0,0.5062382817268372,1,1.0,0
2026-02-05 01:00:00,0,0.5283125638961792,1,1.0,0
2026-02-05 02:00:00,0,0.575694739818573,1,1.0,0
2026-02-05 03:00:00,0,0.5988044738769531,1,1.0,0
2026-02-05 04:00:00,0,0.5831783413887024,1,1.0,0
2026-02-05 05:00:00,0,0.5995444655418396,1,1.0,0
2026-02-05 06:00:00,1,0.614225447177887,1,1.0,1
2026-02-05 07:00:00,0,0.5248548984527588,1,1.0,0
2026-02-05 08:00:00,1,0.5365638136863708,1,1.0,1
2026-02-05 09:00:00,1,0.4865144193172455,0,1.0,1
2026-02-05 10:00:00,0,0.45954465866088867,0,1.0,0
2026-02-05 11:00:00,0,0.5538921356201172,1,1.0,0
2026-02-05 12:00:00,0,0.5877407193183899,1,1.0,0
2026-02-05 13:00:00,1,0.6103211641311646,1,1.0,1
2026-02-05 14:00:00,0,0.5091121792793274,1,1.0,0
2026-02-05 15:00:00,0,0.5667814016342163,1,1.0,0
2026-02-05 16:00:00,1,0.6136006116867065,1,1.0,1
2026-02-05 17:00:00,0,0.5138676762580872,1,1.0,0
2026-02-05 18:00:00,1,0.572068452835083,1,1.0,1
2026-02-05 19:00:00,0,0.5047881007194519,1,1.0,0
2026-02-05 20:00:00,0,0.5703043341636658,1,1.0,0
2026-02-05 21:00:00,0,0.6156507134437561,1,1.0,0
2026-02-05 22:00:00,1,0.6109052896499634,1,1.0,1
2026-02-05 23:00:00,0,0.5095213651657104,1,1.0,0
2026-02-06 00:00:00,1,0.5749668478965759,1,1.0,1
2026-02-06 01:00:00,1,0.5162713527679443,1,1.0,1
2026-02-06 02:00:00,0,0.4684615433216095,0,1.0,0
2026-02-06 03:00:00,0,0.5633333921432495,1,1.0,0
2026-02-06 04:00:00,1,0.6045305132865906,1,1.0,1
2026-02-06 05:00:00,1,0.5222520232200623,1,1.0,1
2026-02-06 06:00:00,0,0.4635305106639862,0,1.0,0
2026-02-06 07:00:00,0,0.5602031350135803,1,1.0,0
2026-02-06 08:00:00,1,0.5433805584907532,1,0.0,0
2026-02-06 09:00:00,1,0.5217679738998413,1,1.0,1
2026-02-06 10:00:00,1,0.4606277346611023,0,1.0,1
2026-02-06 11:00:00,1,0.4485832750797272,0,1.0,1
2026-02-06 12:00:00,0,0.452475905418396,0,0.0,0
2026-02-06 13:00:00,1,0.454298734664917,0,1.0,1
2026-02-06 14:00:00,1,0.444259911775589,0,1.0,1
2026-02-06 15:00:00,1,0.4208170771598816,0,1.0,1
2026-02-06 16:00:00,1,0.4518408477306366,0,1.0,1
2026-02-06 17:00:00,1,0.4722060263156891,0,1.0,1
2026-02-06 18:00:00,0,0.45129528641700745,0,1.0,0
2026-02-06 19:00:00,1,0.5729771852493286,1,1.0,1
2026-02-06 20:00:00,0,0.516369640827179,1,1.0,0
2026-02-06 21:00:00,1,0.5927073359489441,1,1.0,1
2026-02-06 22:00:00,1,0.5236600637435913,1,1.0,1
2026-02-06 23:00:00,0,0.4837629497051239,0,1.0,0
2026-02-07 00:00:00,0,0.5796268582344055,1,1.0,0
2026-02-07 01:00:00,1,0.5923243165016174,1,1.0,1
2026-02-07 02:00:00,0,0.5056884288787842,1,0.0,0
2026-02-07 03:00:00,1,0.541726291179657,1,1.0,1
2026-02-07 04:00:00,0,0.49342280626296997,0,1.0,0
2026-02-07 05:00:00,0,0.5376217365264893,1,1.0,0
2026-02-07 06:00:00,0,0.5625961422920227,1,1.0,0
2026-02-07 07:00:00,0,0.5996548533439636,1,1.0,0
2026-02-07 08:00:00,1,0.612149178981781,1,1.0,1
2026-02-07 09:00:00,0,0.5206146836280823,1,1.0,0
2026-02-07 10:00:00,0,0.5393465161323547,1,1.0,0
2026-02-07 11:00:00,0,0.5555504560470581,1,0.0,0
2026-02-07 12:00:00,1,0.537155032157898,1,1.0,1
2026-02-07 13:00:00,1,0.4743860363960266,0,0.0,0
2026-02-07 14:00:00,0,0.4556182324886322,0,1.0,0
2026-02-07 15:00:00,1,0.52703458070755,1,1.0,1
2026-02-07 16:00:00,0,0.47949719429016113,0,1.0,0
2026-02-07 17:00:00,1,0.5280266404151917,1,1.0,1
2026-02-07 18:00:00,1,0.49269330501556396,0,1.0,1
2026-02-07 19:00:00,0,0.4658330976963043,0,0.0,0
2026-02-07 20:00:00,1,0.5321616530418396,1,1.0,1
2026-02-07 21:00:00,0,0.49577417969703674,0,0.0,0
2026-02-07 22:00:00,0,0.5410366058349609,1,0.0,0
2026-02-07 23:00:00,0,0.5580717921257019,1,0.0,0
2026-02-08 00:00:00,0,0.5670841336250305,1,1.0,0
2026-02-08 01:00:00,1,0.5863720178604126,1,1.0,1
2026-02-08 02:00:00,0,0.5074346661567688,1,0.0,0
2026-02-08 03:00:00,0,0.5198961496353149,1,1.0,0
2026-02-08 04:00:00,1,0.5489476323127747,1,1.0,1
2026-02-08 05:00:00,0,0.5042325854301453,1,0.0,0
2026-02-08 06:00:00,1,0.5442902445793152,1,0.0,0
2026-02-08 07:00:00,1,0.500054121017456,1,1.0,1
2026-02-08 08:00:00,1,0.4754618704319,0,1.0,1
2026-02-08 09:00:00,0,0.4652470052242279,0,1.0,0
2026-02-08 10:00:00,1,0.5305305123329163,1,1.0,1
2026-02-08 11:00:00,1,0.4889311194419861,0,1.0,1
2026-02-08 12:00:00,1,0.4732988178730011,0,1.0,1
2026-02-08 13:00:00,1,0.45820969343185425,0,1.0,1
2026-02-08 14:00:00,0,0.4389459490776062,0,1.0,0
2026-02-08 15:00:00,0,0.5153582692146301,1,0.0,0
2026-02-08 16:00:00,0,0.5461907386779785,1,1.0,0
2026-02-08 17:00:00,1,0.5549526810646057,1,1.0,1
2026-02-08 18:00:00,1,0.49526649713516235,0,1.0,1
2026-02-08 19:00:00,1,0.46545732021331787,0,1.0,1
2026-02-08 20:00:00,0,0.4538623094558716,0,1.0,0
2026-02-08 21:00:00,0,0.5263276100158691,1,0.0,0
2026-02-08 22:00:00,1,0.5545063614845276,1,1.0,1
2026-02-08 23:00:00,0,0.49945878982543945,0,1.0,0
2026-02-09 00:00:00,1,0.5438781976699829,1,1.0,1
2026-02-09 01:00:00,0,0.4760536551475525,0,0.0,0
2026-02-09 02:00:00,1,0.540238618850708,1,1.0,1
2026-02-09 03:00:00,1,0.49302226305007935,0,1.0,1
2026-02-09 04:00:00,0,0.47009292244911194,0,1.0,0
2026-02-09 05:00:00,1,0.5347341895103455,1,0.0,0
2026-02-09 06:00:00,0,0.4905090928077698,0,1.0,0
2026-02-09 07:00:00,0,0.539247453212738,1,1.0,0
2026-02-09 08:00:00,0,0.5612208843231201,1,1.0,0
2026-02-09 09:00:00,0,0.5680835247039795,1,1.0,0
2026-02-09 10:00:00,0,0.5695565938949585,1,1.0,0
2026-02-09 11:00:00,1,0.593695342540741,1,1.0,1
2026-02-09 12:00:00,1,0.5230344533920288,1,1.0,1
2026-02-09 13:00:00,0,0.4705533981323242,0,1.0,0
2026-02-09 14:00:00,1,0.5335204601287842,1,1.0,1
2026-02-09 15:00:00,1,0.46679455041885376,0,1.0,1
2026-02-09 16:00:00,1,0.4529247283935547,0,1.0,1
2026-02-09 17:00:00,1,0.4647393822669983,0,1.0,1
2026-02-09 18:00:00,0,0.4564933776855469,0,1.0,0
2026-02-09 19:00:00,1,0.531921923160553,1,1.0,1
2026-02-09 20:00:00,0,0.4850000739097595,0,1.0,0
2026-02-09 21:00:00,0,0.5348175764083862,1,1.0,0
2026-02-09 22:00:00,0,0.5537686347961426,1,0.0,0
2026-02-09 23:00:00,0,0.5408135652542114,1,1.0,0
2026-02-10 00:00:00,0,0.5640400052070618,1,1.0,0
2026-02-10 01:00:00,1,0.5669548511505127,1,1.0,1
2026-02-10 02:00:00,0,0.5004787445068359,1,1.0,0
2026-02-10 03:00:00,0,0.5451892018318176,1,1.0,0
2026-02-10 04:00:00,1,0.5635393857955933,1,1.0,1
2026-02-10 05:00:00,0,0.5009979605674744,1,1.0,0
2026-02-10 06:00:00,0,0.5434595346450806,1,1.0,0
2026-02-10 07:00:00,0,0.5586915016174316,1,0.0,0
2026-02-10 08:00:00,1,0.5133436322212219,1,1.0,1
2026-02-10 09:00:00,1,0.4750523269176483,0,0.0,0
2026-02-10 10:00:00,0,0.4524064064025879,0,1.0,0
2026-02-10 11:00:00,0,0.5236117839813232,1,1.0,0
2026-02-10 12:00:00,1,0.5487293004989624,1,0.0,0
2026-02-10 13:00:00,1,0.49516570568084717,0,1.0,1
2026-02-10 14:00:00,0,0.45631057024002075,0,1.0,0
2026-02-10 15:00:00,1,0.5254344940185547,1,1.0,1
2026-02-10 16:00:00,1,0.4870152473449707,0,1.0,1
2026-02-10 17:00:00,1,0.45416852831840515,0,1.0,1
2026-02-10 18:00:00,0,0.45002228021621704,0,1.0,0
2026-02-10 19:00:00,1,0.5251561999320984,1,1.0,1
2026-02-10 20:00:00,0,0.48654410243034363,0,1.0,0
2026-02-10 21:00:00,0,0.5334030389785767,1,0.0,0
2026-02-10 22:00:00,1,0.5558947920799255,1,0.0,0
2026-02-10 23:00:00,1,0.4999810457229614,0,0.0,0
2026-02-11 00:00:00,1,0.4683028757572174,0,1.0,1
2026-02-11 01:00:00,0,0.4477963149547577,0,1.0,0
2026-02-11 02:00:00,0,0.5245776772499084,1,1.0,0
2026-02-11 03:00:00,0,0.5556594133377075,1,1.0,0
2026-02-11 04:00:00,0,0.5668829679489136,1,1.0,0
2026-02-11 05:00:00,0,0.5683351159095764,1,1.0,0
2026-02-11 06:00:00,0,0.5692742466926575,1,1.0,0
2026-02-11 07:00:00,1,0.5729578137397766,1,1.0,1
2026-02-11 08:00:00,0,0.5026053190231323,1,0.0,0
2026-02-11 09:00:00,0,0.5468262434005737,1,0.0,0
2026-02-11 10:00:00,0,0.5662365555763245,1,1.0,0
2026-02-11 11:00:00,1,0.5695992112159729,1,1.0,1
2026-02-11 12:00:00,1,0.5136429667472839,1,0.0,0
2026-02-11 13:00:00,1,0.47510844469070435,0,1.0,1
2026-02-11 14:00:00,0,0.4514419734477997,0,1.0,0
2026-02-11 15:00:00,0,0.5218740105628967,1,0.0,0
2026-02-11 16:00:00,0,0.5444045662879944,1,1.0,0
2026-02-11 17:00:00,1,0.5581421256065369,1,1.0,1
2026-02-11 18:00:00,1,0.4984474778175354,0,1.0,1
2026-02-11 19:00:00,1,0.46713173389434814,0,1.0,1
2026-02-11 20:00:00,0,0.45624637603759766,0,0.0,0
2026-02-11 21:00:00,1,0.5026133060455322,1,1.0,1
2026-02-11 22:00:00,0,0.48429152369499207,0,1.0,0
2026-02-11 23:00:00,0,0.5336989164352417,1,1.0,0
2026-02-12 00:00:00,1,0.5624344944953918,1,1.0,1
2026-02-12 01:00:00,1,0.4846557676792145,0,1.0,1
2026-02-12 02:00:00,0,0.4654334783554077,0,1.0,0
2026-02-12 03:00:00,1,0.5331159830093384,1,0.0,0
2026-02-12 04:00:00,0,0.49016720056533813,0,1.0,0
2026-02-12 05:00:00,1,0.5407822132110596,1,0.0,0
2026-02-12 06:00:00,0,0.4913877546787262,0,0.0,0
2026-02-12 07:00:00,1,0.49629920721054077,0,0.0,0
2026-02-12 08:00:00,0,0.4940491020679474,0,0.0,0
2026-02-12 09:00:00,1,0.5403831601142883,1,1.0,1
2026-02-12 10:00:00,1,0.492774099111557,0,1.0,1
2026-02-12 11:00:00,1,0.46721068024635315,0,0.0,0
2026-02-12 12:00:00,0,0.4747983515262604,0,1.0,0
2026-02-12 13:00:00,1,0.5304862856864929,1,1.0,1
2026-02-12 14:00:00,0,0.4822175204753876,0,1.0,0
2026-02-12 15:00:00,0,0.5305003523826599,1,1.0,0
2026-02-12 16:00:00,0,0.5585118532180786,1,1.0,0
2026-02-12 17:00:00,0,0.5855545997619629,1,1.0,0
2026-02-12 18:00:00,1,0.59011310338974,1,1.0,1
2026-02-12 19:00:00,1,0.5072877407073975,1,1.0,1
2026-02-12 20:00:00,0,0.47197243571281433,0,1.0,0
2026-02-12 21:00:00,1,0.5385933518409729,1,1.0,1
2026-02-12 22:00:00,1,0.4969395399093628,0,1.0,1
2026-02-12 23:00:00,0,0.46980515122413635,0,0.0,0
2026-02-13 00:00:00,0,0.5010778903961182,1,1.0,0
2026-02-13 01:00:00,1,0.5621798634529114,1,1.0,1
2026-02-13 02:00:00,1,0.49371030926704407,0,1.0,1
2026-02-13 03:00:00,0,0.47037312388420105,0,0.0,0
2026-02-13 04:00:00,0,0.5393418669700623,1,1.0,0
2026-02-13 05:00:00,0,0.5620037317276001,1,1.0,0
2026-02-13 06:00:00,1,0.570662796497345,1,1.0,1
2026-02-13 07:00:00,0,0.49651089310646057,0,1.0,0
2026-02-13 08:00:00,1,0.544462263584137,1,1.0,1
2026-02-13 09:00:00,1,0.49266117811203003,0,1.0,1
2026-02-13 10:00:00,1,0.4585248827934265,0,0.0,0
2026-02-13 11:00:00,1,0.44943732023239136,0,1.0,1
2026-02-13 12:00:00,0,0.45952853560447693,0,0.0,0
2026-02-13 13:00:00,1,0.5273868441581726,1,1.0,1
2026-02-13 14:00:00,1,0.4673668146133423,0,1.0,1
2026-02-13 15:00:00,1,0.44338440895080566,0,1.0,1
2026-02-13 16:00:00,1,0.43074193596839905,0,1.0,1
2026-02-13 17:00:00,1,0.45655557513237,0,0.0,0
2026-02-13 18:00:00,1,0.4520505368709564,0,0.0,0
2026-02-13 19:00:00,0,0.4460534453392029,0,1.0,0
2026-02-13 20:00:00,0,0.5331876277923584,1,1.0,0
2026-02-13 21:00:00,1,0.565944492816925,1,0.0,0
2026-02-13 22:00:00,1,0.5048412084579468,1,0.0,0
2026-02-13 23:00:00,0,0.48206812143325806,0,0.0,0
2026-02-14 00:00:00,1,0.5477167963981628,1,1.0,1
2026-02-14 01:00:00,0,0.4947805404663086,0,0.0,0
2026-02-14 02:00:00,0,0.5491616725921631,1,0.0,0
2026-02-14 03:00:00,1,0.5679912567138672,1,0.0,0
2026-02-14 04:00:00,0,0.5124431848526001,1,1.0,0
2026-02-14 05:00:00,0,0.5519432425498962,1,0.0,0
2026-02-14 06:00:00,1,0.5384818315505981,1,1.0,1
2026-02-14 07:00:00,1,0.49750813841819763,0,1.0,1
2026-02-14 08:00:00,1,0.4362850487232208,0,1.0,1
2026-02-14 09:00:00,0,0.40793853998184204,0,0.0,0
2026-02-14 10:00:00,0,0.5094616413116455,1,0.0,0
2026-02-14 11:00:00,1,0.5326731204986572,1,1.0,1
2026-02-14 12:00:00,0,0.4301961362361908,0,1.0,0
2026-02-14 13:00:00,0,0.5236143469810486,1,1.0,0
2026-02-14 14:00:00,1,0.5440788269042969,1,1.0,1
2026-02-14 15:00:00,1,0.44536280632019043,0,0.0,0
2026-02-14 16:00:00,0,0.42751508951187134,0,0.0,0
2026-02-14 17:00:00,0,0.522861659526825,1,0.0,0
2026-02-14 18:00:00,1,0.532751739025116,1,0.0,0
2026-02-14 19:00:00,1,0.46846112608909607,0,0.0,0
2026-02-14 20:00:00,1,0.42542126774787903,0,1.0,1
2026-02-14 21:00:00,0,0.4242330491542816,0,0.0,0
2026-02-14 22:00:00,1,0.5292729735374451,1,0.0,0
2026-02-14 23:00:00,0,0.4657479226589203,0,0.0,0
2026-02-15 00:00:00,0,0.5445147752761841,1,0.0,0
2026-02-15 01:00:00,0,0.57256680727005,1,0.0,0
2026-02-15 02:00:00,0,0.5827908515930176,1,1.0,0
2026-02-15 03:00:00,1,0.5867783427238464,1,1.0,1
2026-02-15 04:00:00,1,0.4572651982307434,0,1.0,1
2026-02-15 05:00:00,1,0.4187411665916443,0,0.0,0
2026-02-15 06:00:00,1,0.4317396283149719,0,0.0,0
2026-02-15 07:00:00,1,0.43257448077201843,0,1.0,1
2026-02-15 08:00:00,0,0.41645947098731995,0,1.0,0
2026-02-15 09:00:00,0,0.5290812849998474,1,0.0,0
2026-02-15 10:00:00,1,0.560107409954071,1,0.0,0
2026-02-15 11:00:00,0,0.47643715143203735,0,0.0,0
2026-02-15 12:00:00,0,0.5536161065101624,1,1.0,0
2026-02-15 13:00:00,0,0.5848003029823303,1,1.0,0
2026-02-15 14:00:00,1,0.5925369262695312,1,1.0,1
2026-02-15 15:00:00,0,0.4781797528266907,0,0.0,0
2026-02-15 16:00:00,0,0.5615471601486206,1,0.0,0
2026-02-15 17:00:00,0,0.582025945186615,1,1.0,0
2026-02-15 18:00:00,0,0.6047030091285706,1,1.0,0
2026-02-15 19:00:00,0,0.6044952869415283,1,1.0,0
2026-02-15 20:00:00,1,0.6038017272949219,1,1.0,1
2026-02-15 21:00:00,1,0.5308653116226196,1,1.0,1
2026-02-15 22:00:00,1,0.4443807005882263,0,1.0,1
2026-02-15 23:00:00,0,0.442126989364624,0,1.0,0
2026-02-16 00:00:00,1,0.5409364104270935,1,0.0,0
2026-02-16 01:00:00,0,0.4816707372665405,0,1.0,0
2026-02-16 02:00:00,0,0.553126871585846,1,1.0,0
2026-02-16 03:00:00,1,0.5857813954353333,1,0.0,0
2026-02-16 04:00:00,1,0.5232977271080017,1,1.0,1
2026-02-16 05:00:00,0,0.43106263875961304,0,1.0,0
2026-02-16 06:00:00,1,0.5295908451080322,1,0.0,0
2026-02-16 07:00:00,1,0.4979422986507416,0,1.0,1
2026-02-16 08:00:00,1,0.43540099263191223,0,1.0,1
2026-02-16 09:00:00,1,0.43971821665763855,0,1.0,1
2026-02-16 10:00:00,0,0.43896159529685974,0,1.0,0
2026-02-16 11:00:00,1,0.5286669731140137,1,0.0,0
2026-02-16 12:00:00,1,0.48856794834136963,0,1.0,1
2026-02-16 13:00:00,0,0.4046841561794281,0,1.0,0
2026-02-16 14:00:00,1,0.5213978290557861,1,0.0,0
2026-02-16 15:00:00,0,0.48625457286834717,0,1.0,0
2026-02-16 16:00:00,1,0.5347206592559814,1,1.0,1
2026-02-16 17:00:00,1,0.477084755897522,0,0.0,0
2026-02-16 18:00:00,0,0.4729548990726471,0,0.0,0
2026-02-16 19:00:00,1,0.5475772619247437,1,0.0,0
2026-02-16 20:00:00,1,0.5133528113365173,1,1.0,1
2026-02-16 21:00:00,1,0.4326940178871155,0,1.0,1
2026-02-16 22:00:00,0,0.423479288816452,0,1.0,0
2026-02-16 23:00:00,1,0.5283036828041077,1,1.0,1
2026-02-17 00:00:00,0,0.4456092417240143,0,0.0,0
2026-02-17 01:00:00,0,0.4884399175643921,0,1.0,0
2026-02-17 02:00:00,1,0.5592995285987854,1,1.0,1
2026-02-17 03:00:00,0,0.4906626343727112,0,1.0,0
2026-02-17 04:00:00,1,0.5508255958557129,1,0.0,0
2026-02-17 05:00:00,0,0.5137374997138977,1,1.0,0
2026-02-17 06:00:00,1,0.553561270236969,1,1.0,1
2026-02-17 07:00:00,0,0.48683130741119385,0,0.0,0
2026-02-17 08:00:00,0,0.5226511359214783,1,1.0,0
2026-02-17 09:00:00,0,0.5786758065223694,1,0.0,0
2026-02-17 10:00:00,0,0.5914592742919922,1,1.0,0
2026-02-17 11:00:00,1,0.5934003591537476,1,0.0,0
2026-02-17 12:00:00,1,0.5345678925514221,1,0.0,0
2026-02-17 13:00:00,1,0.45877936482429504,0,1.0,1
2026-02-17 14:00:00,0,0.43765491247177124,0,1.0,0
2026-02-17 15:00:00,1,0.5360047817230225,1,1.0,1
2026-02-17 16:00:00,1,0.444297730922699,0,1.0,1
2026-02-17 17:00:00,0,0.4373141825199127,0,1.0,0
2026-02-17 18:00:00,1,0.5297726392745972,1,1.0,1
2026-02-17 19:00:00,0,0.43733060359954834,0,1.0,0
2026-02-17 20:00:00,0,0.5377360582351685,1,0.0,0
2026-02-17 21:00:00,0,0.5752063393592834,1,0.0,0
2026-02-17 22:00:00,0,0.5790396928787231,1,1.0,0
2026-02-17 23:00:00,0,0.589316189289093,1,0.0,0
2026-02-18 00:00:00,0,0.5948204398155212,1,1.0,0
2026-02-18 01:00:00,0,0.5875072479248047,1,1.0,0
2026-02-18 02:00:00,1,0.5874546766281128,1,1.0,1
2026-02-18 03:00:00,1,0.49736252427101135,0,1.0,1
2026-02-18 04:00:00,1,0.4530063271522522,0,1.0,1
2026-02-18 05:00:00,0,0.448426753282547,0,1.0,0
2026-02-18 06:00:00,1,0.5353010892868042,1,1.0,1
2026-02-18 07:00:00,1,0.4724700152873993,0,1.0,1
2026-02-18 08:00:00,1,0.4132189452648163,0,0.0,0
2026-02-18 09:00:00,1,0.45283398032188416,0,0.0,0
2026-02-18 10:00:00,0,0.44392305612564087,0,1.0,0
2026-02-18 11:00:00,0,0.5273772478103638,1,1.0,0
2026-02-18 12:00:00,1,0.5632604360580444,1,0.0,0
2026-02-18 13:00:00,0,0.4801475405693054,0,1.0,0
2026-02-18 14:00:00,0,0.538433313369751,1,0.0,0
2026-02-18 15:00:00,1,0.5378270745277405,1,1.0,1
2026-02-18 16:00:00,0,0.4648359417915344,0,1.0,0
2026-02-18 17:00:00,1,0.529518723487854,1,0.0,0
2026-02-18 18:00:00,0,0.5194889903068542,1,1.0,0
2026-02-18 19:00:00,0,0.5521989464759827,1,1.0,0
2026-02-18 20:00:00,1,0.5835244655609131,1,0.0,0
2026-02-18 21:00:00,1,0.5296903848648071,1,0.0,0
2026-02-18 22:00:00,1,0.49585506319999695,0,0.0,0
2026-02-18 23:00:00,1,0.4890536367893219,0,0.0,0
2026-02-19 00:00:00,0,0.4877951741218567,0,0.0,0
2026-02-19 01:00:00,1,0.5229811072349548,1,1.0,1
2026-02-19 02:00:00,0,0.4382416605949402,0,0.0,0
2026-02-19 03:00:00,1,0.5452852249145508,1,1.0,1
2026-02-19 04:00:00,0,0.47654423117637634,0,1.0,0
2026-02-19 05:00:00,1,0.5319922566413879,1,0.0,0
2026-02-19 06:00:00,1,0.4989495873451233,0,1.0,1
2026-02-19 07:00:00,1,0.450285404920578,0,0.0,0
2026-02-19 08:00:00,0,0.4496438503265381,0,1.0,0
2026-02-19 09:00:00,0,0.5374835133552551,1,1.0,0
2026-02-19 10:00:00,1,0.5623733401298523,1,0.0,0
2026-02-19 11:00:00,0,0.5270529389381409,1,1.0,0
2026-02-19 12:00:00,1,0.5564588308334351,1,0.0,0
2026-02-19 13:00:00,0,0.5085561871528625,1,1.0,0
2026-02-19 14:00:00,1,0.5531527996063232,1,1.0,1
2026-02-19 15:00:00,0,0.4314877986907959,0,0.0,0
2026-02-19 16:00:00,0,0.5322469472885132,1,1.0,0
2026-02-19 17:00:00,1,0.551493227481842,1,0.0,0
2026-02-19 18:00:00,1,0.507014274597168,1,1.0,1
2026-02-19 19:00:00,1,0.4216567873954773,0,0.0,0
2026-02-19 20:00:00,1,0.4440695643424988,0,1.0,1
2026-02-19 21:00:00,0,0.4473841190338135,0,1.0,0
2026-02-19 22:00:00,0,0.5247876048088074,1,0.0,0
2026-02-19 23:00:00,1,0.5055991411209106,1,0.0,0
2026-02-20 00:00:00,1,0.4712848365306854,0,1.0,1
2026-02-20 01:00:00,1,0.43323445320129395,0,0.0,0
2026-02-20 02:00:00,0,0.44188830256462097,0,0.0,0
2026-02-20 03:00:00,1,0.5294404625892639,1,1.0,1
2026-02-20 04:00:00,0,0.4796980917453766,0,1.0,0
2026-02-20 05:00:00,1,0.5458583235740662,1,1.0,1
2026-02-20 06:00:00,1,0.45639854669570923,0,0.0,0
2026-02-20 07:00:00,0,0.45013627409935,0,0.0,0
2026-02-20 08:00:00,1,0.5344684720039368,1,0.0,0
2026-02-20 09:00:00,1,0.4795415997505188,0,1.0,1
2026-02-20 10:00:00,0,0.42023149132728577,0,1.0,0
2026-02-20 11:00:00,0,0.5254383087158203,1,1.0,0
2026-02-20 12:00:00,1,0.5566915273666382,1,1.0,1
2026-02-20 13:00:00,0,0.446721613407135,0,1.0,0
2026-02-20 14:00:00,1,0.5690227746963501,1,1.0,1
2026-02-20 15:00:00,1,0.4518091678619385,0,1.0,1
2026-02-20 16:00:00,1,0.43384411931037903,0,1.0,1
2026-02-20 17:00:00,0,0.4357238709926605,0,1.0,0
2026-02-20 18:00:00,1,0.534294843673706,1,1.0,1
2026-02-20 19:00:00,0,0.4636909067630768,0,1.0,0
2026-02-20 20:00:00,1,0.5375152826309204,1,1.0,1
2026-02-20 21:00:00,1,0.4655497074127197,0,0.0,0
2026-02-20 22:00:00,1,0.43418100476264954,0,1.0,1
2026-02-20 23:00:00,0,0.4427782893180847,0,0.0,0
2026-02-21 00:00:00,0,0.5230270624160767,1,1.0,0
2026-02-21 01:00:00,1,0.5578411221504211,1,1.0,1
2026-02-21 02:00:00,1,0.46074792742729187,0,0.0,0
2026-02-21 03:00:00,0,0.43785470724105835,0,1.0,0
2026-02-21 04:00:00,1,0.53046715259552,1,1.0,1
2026-02-21 05:00:00,1,0.46449923515319824,0,0.0,0
2026-02-21 06:00:00,0,0.4597964882850647,0,0.0,0
2026-02-21 07:00:00,1,0.5317899584770203,1,0.0,0
2026-02-21 08:00:00,1,0.4653220474720001,0,1.0,1
2026-02-21 09:00:00,1,0.4353688955307007,0,1.0,1
2026-02-21 10:00:00,1,0.42557424306869507,0,0.0,0
2026-02-21 11:00:00,0,0.41946664452552795,0,1.0,0
2026-02-21 12:00:00,1,0.5066179633140564,1,1.0,1
2026-02-21 13:00:00,1,0.45569100975990295,0,0.0,0
2026-02-21 14:00:00,1,0.3989746868610382,0,1.0,1
2026-02-21 15:00:00,1,0.4050733745098114,0,1.0,1
2026-02-21 16:00:00,0,0.4133451282978058,0,1.0,0
2026-02-21 17:00:00,1,0.5032147765159607,1,1.0,1
2026-02-21 18:00:00,1,0.4795525372028351,0,1.0,1
2026-02-21 19:00:00,0,0.4306136965751648,0,0.0,0
2026-02-21 20:00:00,0,0.5401996374130249,1,1.0,0
2026-02-21 21:00:00,1,0.5807889103889465,1,1.0,1
2026-02-21 22:00:00,0,0.4964418411254883,0,1.0,0
2026-02-21 23:00:00,1,0.5611419677734375,1,0.0,0
2026-02-22 00:00:00,0,0.5183528661727905,1,0.0,0
2026-02-22 01:00:00,1,0.5776093602180481,1,1.0,1
2026-02-22 02:00:00,0,0.504190981388092,1,1.0,0
2026-02-22 03:00:00,1,0.5715910196304321,1,1.0,1
2026-02-22 04:00:00,0,0.4973873198032379,0,0.0,0
2026-02-22 05:00:00,0,0.5534625053405762,1,0.0,0
2026-02-22 06:00:00,1,0.5470685362815857,1,0.0,0
2026-02-22 07:00:00,0,0.4811081290245056,0,0.0,0
2026-02-22 08:00:00,0,0.5580790638923645,1,0.0,0
2026-02-22 09:00:00,1,0.5795527696609497,1,1.0,1
2026-02-22 10:00:00,1,0.4890347123146057,0,0.0,0
2026-02-22 11:00:00,1,0.4264572262763977,0,1.0,1
2026-02-22 12:00:00,0,0.45128247141838074,0,1.0,0
2026-02-22 13:00:00,0,0.5400259494781494,1,1.0,0
2026-02-22 14:00:00,0,0.5679730772972107,1,1.0,0
2026-02-22 15:00:00,1,0.5829856991767883,1,1.0,1
2026-02-22 16:00:00,0,0.47786375880241394,0,0.0,0
2026-02-22 17:00:00,0,0.5446416139602661,1,1.0,0
2026-02-22 18:00:00,1,0.5832818746566772,1,0.0,0
2026-02-22 19:00:00,1,0.5163788795471191,1,0.0,0
2026-02-22 20:00:00,0,0.47880837321281433,0,0.0,0
2026-02-22 21:00:00,1,0.5658442974090576,1,1.0,1
2026-02-22 22:00:00,1,0.48755645751953125,0,0.0,0
2026-02-22 23:00:00,0,0.45259711146354675,0,0.0,0
2026-02-23 00:00:00,0,0.5426782965660095,1,1.0,0
2026-02-23 01:00:00,0,0.5624390244483948,1,1.0,0
2026-02-23 02:00:00,1,0.5974537134170532,1,1.0,1
2026-02-23 03:00:00,1,0.5305002927780151,1,1.0,1
2026-02-23 04:00:00,0,0.4940093159675598,0,1.0,0
2026-02-23 05:00:00,1,0.5568997859954834,1,1.0,1
2026-02-23 06:00:00,1,0.5244637727737427,1,1.0,1
2026-02-23 07:00:00,1,0.43410277366638184,0,1.0,1
2026-02-23 08:00:00,0,0.4768438935279846,0,1.0,0
2026-02-23 09:00:00,1,0.540134072303772,1,1.0,1
2026-02-23 10:00:00,0,0.4497583210468292,0,0.0,0
2026-02-23 11:00:00,0,0.5310349464416504,1,1.0,0
2026-02-23 12:00:00,1,0.5671825408935547,1,0.0,0
2026-02-23 13:00:00,0,0.5144424438476562,1,1.0,0
2026-02-23 14:00:00,0,0.5565000772476196,1,1.0,0
2026-02-23 15:00:00,0,0.5818337798118591,1,1.0,0
2026-02-23 16:00:00,0,0.5794536471366882,1,1.0,0
2026-02-23 17:00:00,0,0.5735203623771667,1,1.0,0
2026-02-23 18:00:00,0,0.6005215644836426,1,1.0,0
2026-02-23 19:00:00,0,0.5939100980758667,1,1.0,0
2026-02-23 20:00:00,1,0.5804318785667419,1,1.0,1
2026-02-23 21:00:00,1,0.5182662606239319,1,1.0,1
2026-02-23 22:00:00,1,0.489522248506546,0,1.0,1
2026-02-23 23:00:00,0,0.47953975200653076,0,0.0,0
2026-02-24 00:00:00,1,0.5364763140678406,1,1.0,1
2026-02-24 01:00:00,0,0.4884824752807617,0,1.0,0
2026-02-24 02:00:00,0,0.5733040571212769,1,0.0,0
2026-02-24 03:00:00,0,0.571331799030304,1,1.0,0
2026-02-24 04:00:00,0,0.5992695093154907,1,1.0,0
2026-02-24 05:00:00,0,0.5821626782417297,1,1.0,0
2026-02-24 06:00:00,0,0.6056833863258362,1,0.0,0
2026-02-24 07:00:00,1,0.5719419717788696,1,1.0,1
2026-02-24 08:00:00,1,0.49441787600517273,0,1.0,1
2026-02-24 09:00:00,0,0.4730691611766815,0,1.0,0
2026-02-24 10:00:00,1,0.5178683996200562,1,0.0,0
2026-02-24 11:00:00,0,0.48446062207221985,0,0.0,0
2026-02-24 12:00:00,0,0.5199556946754456,1,1.0,0
2026-02-24 13:00:00,0,0.5799224376678467,1,0.0,0
2026-02-24 14:00:00,1,0.569344162940979,1,1.0,1
2026-02-24 15:00:00,1,0.4781828224658966,0,1.0,1
2026-02-24 16:00:00,1,0.46417397260665894,0,1.0,1
2026-02-24 17:00:00,0,0.46259403228759766,0,0.0,0
2026-02-24 18:00:00,1,0.5209871530532837,1,1.0,1
2026-02-24 19:00:00,0,0.48416393995285034,0,0.0,0
2026-02-24 20:00:00,1,0.475320041179657,0,0.0,0
2026-02-24 21:00:00,0,0.4659346342086792,0,1.0,0
2026-02-24 22:00:00,1,0.552372932434082,1,0.0,0
2026-02-24 23:00:00,0,0.503498911857605,1,0.0,0
2026-02-25 00:00:00,1,0.5385392904281616,1,1.0,1
2026-02-25 01:00:00,1,0.4873802661895752,0,1.0,1
2026-02-25 02:00:00,0,0.41669028997421265,0,0.0,0
2026-02-25 03:00:00,0,0.4996931552886963,0,1.0,0
2026-02-25 04:00:00,1,0.5278835892677307,1,0.0,0
2026-02-25 05:00:00,0,0.48319658637046814,0,1.0,0
2026-02-25 06:00:00,1,0.5620735287666321,1,0.0,0
2026-02-25 07:00:00,1,0.5081939101219177,1,1.0,1
2026-02-25 08:00:00,1,0.4749507009983063,0,1.0,1
2026-02-25 09:00:00,1,0.42471030354499817,0,0.0,0
2026-02-25 10:00:00,0,0.4562688171863556,0,1.0,0
2026-02-25 11:00:00,1,0.5148355960845947,1,0.0,0
2026-02-25 12:00:00,1,0.49770843982696533,0,1.0,1
2026-02-25 13:00:00,1,0.42585718631744385,0,1.0,1
2026-02-25 14:00:00,1,0.4062272906303406,0,1.0,1
2026-02-25 15:00:00,1,0.3563651144504547,0,1.0,1
2026-02-25 16:00:00,1,0.3622899651527405,0,1.0,1
2026-02-25 17:00:00,1,0.37255382537841797,0,1.0,1
2026-02-25 18:00:00,1,0.35159769654273987,0,1.0,1
2026-02-25 19:00:00,0,0.35216012597084045,0,1.0,0
2026-02-25 20:00:00,1,0.42415136098861694,0,1.0,1
2026-02-25 21:00:00,0,0.3817612826824188,0,1.0,0
2026-02-25 22:00:00,0,0.4381098747253418,0,1.0,0
2026-02-25 23:00:00,0,0.5354636907577515,1,1.0,0
2026-02-26 00:00:00,1,0.5707206130027771,1,1.0,1
2026-02-26 01:00:00,0,0.4850994944572449,0,0.0,0
2026-02-26 02:00:00,1,0.486968457698822,0,0.0,0
2026-02-26 03:00:00,0,0.4744345247745514,0,0.0,0
2026-02-26 04:00:00,1,0.46918541193008423,0,1.0,1
2026-02-26 05:00:00,0,0.41368481516838074,0,1.0,0
2026-02-26 06:00:00,0,0.45674222707748413,0,1.0,0
2026-02-26 07:00:00,0,0.5411801338195801,1,1.0,0
2026-02-26 08:00:00,1,0.5750671625137329,1,1.0,1
2026-02-26 09:00:00,1,0.4763985276222229,0,1.0,1
2026-02-26 10:00:00,0,0.42455753684043884,0,1.0,0
2026-02-26 11:00:00,0,0.49134036898612976,0,1.0,0
2026-02-26 12:00:00,1,0.5396538376808167,1,1.0,1
2026-02-26 13:00:00,0,0.46700796484947205,0,1.0,0
2026-02-26 14:00:00,0,0.5327572226524353,1,1.0,0
2026-02-26 15:00:00,0,0.5667338967323303,1,1.0,0
2026-02-26 16:00:00,0,0.5860602855682373,1,1.0,0
2026-02-26 17:00:00,1,0.5946049690246582,1,1.0,1
2026-02-26 18:00:00,1,0.5363792181015015,1,1.0,1
2026-02-26 19:00:00,1,0.44553104043006897,0,1.0,1
2026-02-26 20:00:00,0,0.4256249964237213,0,1.0,0
2026-02-26 21:00:00,1,0.531787633895874,1,0.0,0
2026-02-26 22:00:00,1,0.4917391240596771,0,1.0,1
2026-02-26 23:00:00,0,0.4369732141494751,0,0.0,0
2026-02-27 00:00:00,0,0.5331545472145081,1,1.0,0
2026-02-27 01:00:00,1,0.5713229179382324,1,1.0,1
2026-02-27 02:00:00,0,0.5073525905609131,1,0.0,0
2026-02-27 03:00:00,1,0.5821866989135742,1,1.0,1
2026-02-27 04:00:00,1,0.46946778893470764,0,1.0,1
2026-02-27 05:00:00,0,0.418010413646698,0,0.0,0
2026-02-27 06:00:00,0,0.46842336654663086,0,0.0,0
2026-02-27 07:00:00,1,0.540388822555542,1,0.0,0
2026-02-27 08:00:00,1,0.49899303913116455,0,1.0,1
2026-02-27 09:00:00,0,0.4263942837715149,0,1.0,0
2026-02-27 10:00:00,0,0.5209246277809143,1,1.0,0
2026-02-27 11:00:00,0,0.5629473328590393,1,1.0,0
2026-02-27 12:00:00,0,0.5829713344573975,1,1.0,0
2026-02-27 13:00:00,1,0.6132922172546387,1,1.0,1
2026-02-27 14:00:00,0,0.5258575081825256,1,1.0,0
2026-02-27 15:00:00,1,0.6024932861328125,1,1.0,1
2026-02-27 16:00:00,0,0.560376763343811,1,1.0,0
2026-02-27 17:00:00,1,0.5883703231811523,1,1.0,1
2026-02-27 18:00:00,0,0.5645686388015747,1,1.0,0
2026-02-27 19:00:00,1,0.6102229356765747,1,0.0,0
2026-02-27 20:00:00,1,0.560856819152832,1,1.0,1
2026-02-27 21:00:00,0,0.516507625579834,1,0.0,0
2026-02-27 22:00:00,1,0.5701825618743896,1,1.0,1
2026-02-27 23:00:00,1,0.5317341089248657,1,1.0,1
2026-02-28 00:00:00,1,0.4631199240684509,0,0.0,0
2026-02-28 01:00:00,0,0.4859016537666321,0,1.0,0
2026-02-28 02:00:00,1,0.5472865700721741,1,1.0,1
2026-02-28 03:00:00,0,0.4932253360748291,0,1.0,0
2026-02-28 04:00:00,0,0.5574361681938171,1,1.0,0
2026-02-28 05:00:00,0,0.5757172107696533,1,0.0,0
2026-02-28 06:00:00,0,0.5730075240135193,1,1.0,0
2026-02-28 07:00:00,1,0.5852205157279968,1,1.0,1
2026-02-28 08:00:00,0,0.5387349724769592,1,1.0,0
2026-02-28 09:00:00,1,0.5970984697341919,1,1.0,1
2026-02-28 10:00:00,1,0.5363206267356873,1,1.0,1
2026-02-28 11:00:00,0,0.4927727282047272,0,1.0,0
2026-02-28 12:00:00,1,0.5781254172325134,1,1.0,1
2026-02-28 13:00:00,1,0.5316327214241028,1,1.0,1
2026-02-28 14:00:00,0,0.4322485029697418,0,1.0,0
2026-02-28 15:00:00,1,0.568979024887085,1,1.0,1
2026-02-28 16:00:00,1,0.5338607430458069,1,1.0,1
2026-02-28 17:00:00,1,0.4747549593448639,0,1.0,1
2026-02-28 18:00:00,1,0.42856135964393616,0,1.0,1
2026-02-28 19:00:00,1,0.427719384431839,0,1.0,1
2026-02-28 20:00:00,1,0.4116072654724121,0,1.0,1
2026-02-28 21:00:00,0,0.3804333209991455,0,1.0,0
2026-02-28 22:00:00,1,0.5115503668785095,1,1.0,1
2026-02-28 23:00:00,0,0.40215617418289185,0,1.0,0
2026-03-01 00:00:00,0,0.5204924941062927,1,1.0,0
2026-03-01 01:00:00,1,0.5603727102279663,1,1.0,1
2026-03-01 02:00:00,1,0.39650052785873413,0,1.0,1
2026-03-01 03:00:00,0,0.373070627450943,0,1.0,0
2026-03-01 04:00:00,0,0.4921826124191284,0,1.0,0
2026-03-01 05:00:00,0,0.5463858246803284,1,0.0,0
2026-03-01 06:00:00,0,0.5717262625694275,1,1.0,0
2026-03-01 07:00:00,1,0.5884139537811279,1,1.0,1
2026-03-01 08:00:00,0,0.4405619204044342,0,1.0,0
2026-03-01 09:00:00,0,0.5589848160743713,1,1.0,0
2026-03-01 10:00:00,1,0.5783860087394714,1,0.0,0
2026-03-01 11:00:00,1,0.5014771819114685,1,0.0,0
2026-03-01 12:00:00,0,0.512139618396759,1,1.0,0
2026-03-01 13:00:00,1,0.5623720288276672,1,1.0,1
2026-03-01 14:00:00,0,0.40370145440101624,0,0.0,0
2026-03-01 15:00:00,0,0.5391021966934204,1,0.0,0
2026-03-01 16:00:00,0,0.5534996390342712,1,1.0,0
2026-03-01 17:00:00,0,0.5842691659927368,1,1.0,0
2026-03-01 18:00:00,1,0.6135748624801636,1,1.0,1
2026-03-01 19:00:00,0,0.484635591506958,0,1.0,0
2026-03-01 20:00:00,0,0.5738539099693298,1,1.0,0
2026-03-01 21:00:00,1,0.6211957931518555,1,1.0,1
2026-03-01 22:00:00,0,0.4829447865486145,0,1.0,0
2026-03-01 23:00:00,1,0.6027777194976807,1,1.0,1
2026-03-02 00:00:00,1,0.4774061143398285,0,1.0,1
2026-03-02 01:00:00,1,0.3816000819206238,0,0.0,0
2026-03-02 02:00:00,0,0.40984439849853516,0,1.0,0
2026-03-02 03:00:00,1,0.5238873958587646,1,1.0,1
2026-03-02 04:00:00,1,0.4012486934661865,0,0.0,0
2026-03-02 05:00:00,0,0.40847495198249817,0,1.0,0
2026-03-02 06:00:00,0,0.508980929851532,1,1.0,0
2026-03-02 07:00:00,0,0.5549880862236023,1,1.0,0
2026-03-02 08:00:00,1,0.579626202583313,1,1.0,1
2026-03-02 09:00:00,0,0.5046164393424988,1,1.0,0
2026-03-02 10:00:00,1,0.5533162355422974,1,1.0,1
2026-03-02 11:00:00,1,0.48963069915771484,0,0.0,0
2026-03-02 12:00:00,0,0.46867042779922485,0,1.0,0
2026-03-02 13:00:00,0,0.5370209217071533,1,1.0,0
2026-03-02 14:00:00,1,0.5996851325035095,1,1.0,1
2026-03-02 15:00:00,1,0.39759212732315063,0,1.0,1
2026-03-02 16:00:00,1,0.4628152549266815,0,1.0,1
2026-03-02 17:00:00,0,0.4253751039505005,0,1.0,0
2026-03-02 18:00:00,0,0.4655687212944031,0,1.0,0
2026-03-02 19:00:00,1,0.5117449164390564,1,0.0,0
2026-03-02 20:00:00,1,0.42207470536231995,0,1.0,1
2026-03-02 21:00:00,1,0.4150235056877136,0,1.0,1
2026-03-02 22:00:00,1,0.4054343104362488,0,0.0,0
2026-03-02 23:00:00,0,0.40106436610221863,0,1.0,0
2026-03-03 00:00:00,1,0.45423442125320435,0,1.0,1
2026-03-03 01:00:00,0,0.43643054366111755,0,1.0,0
2026-03-03 02:00:00,0,0.4634832739830017,0,1.0,0
2026-03-03 03:00:00,0,0.49706557393074036,0,1.0,0
2026-03-03 04:00:00,0,0.5229581594467163,1,1.0,0
2026-03-03 05:00:00,0,0.5802392959594727,1,1.0,0
2026-03-03 06:00:00,1,0.601651132106781,1,1.0,1
2026-03-03 07:00:00,1,0.4844276010990143,0,0.0,0
2026-03-03 08:00:00,0,0.452349990606308,0,1.0,0
2026-03-03 09:00:00,0,0.560705304145813,1,1.0,0
2026-03-03 10:00:00,1,0.5946605205535889,1,1.0,1
2026-03-03 11:00:00,1,0.5031859278678894,1,1.0,1
2026-03-03 12:00:00,1,0.47270292043685913,0,1.0,1
2026-03-03 13:00:00,0,0.44503477215766907,0,1.0,0
2026-03-03 14:00:00,0,0.539975106716156,1,1.0,0
2026-03-03 15:00:00,1,0.5826583504676819,1,1.0,1
2026-03-03 16:00:00,1,0.47885003685951233,0,1.0,1
2026-03-03 17:00:00,1,0.4481539726257324,0,1.0,1
2026-03-03 18:00:00,1,0.41936689615249634,0,1.0,1
2026-03-03 19:00:00,0,0.3962346613407135,0,1.0,0
2026-03-03 20:00:00,0,0.4381249248981476,0,1.0,0
2026-03-03 21:00:00,0,0.4728545546531677,0,1.0,0
2026-03-03 22:00:00,1,0.5467697381973267,1,1.0,1
2026-03-03 23:00:00,1,0.4533710181713104,0,0.0,0
2026-03-04 00:00:00,0,0.42391619086265564,0,1.0,0
2026-03-04 01:00:00,1,0.4827152490615845,0,1.0,1
2026-03-04 02:00:00,0,0.4256068170070648,0,0.0,0
2026-03-04 03:00:00,0,0.470305472612381,0,1.0,0
2026-03-04 04:00:00,1,0.5557868480682373,1,0.0,0
2026-03-04 05:00:00,1,0.47609493136405945,0,1.0,1
2026-03-04 06:00:00,1,0.4338544011116028,0,1.0,1
2026-03-04 07:00:00,1,0.4181140065193176,0,1.0,1
2026-03-04 08:00:00,1,0.4083597958087921,0,1.0,1
2026-03-04 09:00:00,1,0.4488816559314728,0,1.0,1
